shot_id,shot_made_flag
1,0.40280697
8,0.53664666
17,0.5750744
20,0.64005184
33,0.40280697
34,0.44818208
35,0.66318536
36,0.56845605
37,0.75318605
38,0.38514552
45,0.555106
50,0.3681101
55,0.357555
60,0.26490736
66,0.41937697
67,0.3769329
71,0.41118413
80,0.42102906
85,0.43368852
86,0.41015363
95,0.42028362
104,0.42378187
113,0.3804167
123,0.38551483
126,0.45318556
133,0.62945145
141,0.4223456
144,0.3913066
150,0.6364629
152,0.4255999
153,0.62945145
156,0.5787462
159,0.62945145
165,0.6165312
172,0.4245907
182,0.62728244
192,0.4061874
193,0.63997775
196,0.42023954
202,0.38953337
210,0.32780337
211,0.39005932
228,0.57620996
257,0.42337507
260,0.4215421
264,0.42337507
267,0.3920012
279,0.62945145
282,0.41761878
293,0.4235953
299,0.47912413
300,0.40444738
301,0.43267706
317,0.32658768
327,0.37228012
328,0.41011128
335,0.6397795
346,0.43627313
348,0.44315207
365,0.4247881
390,0.6165312
391,0.56897146
392,0.41797742
397,0.3638769
418,0.3902327
428,0.30710092
434,0.43404108
439,0.6397795
440,0.38805637
456,0.4532004
459,0.44265097
472,0.4241188
480,0.42360726
491,0.35337332
497,0.45544845
509,0.372449
511,0.39008468
523,0.36776644
533,0.4267724
544,0.5801325
546,0.36646894
555,0.56757575
558,0.33985263
560,0.3943473
573,0.41015363
591,0.41115364
596,0.43260947
597,0.39229104
601,0.4167025
605,0.433813
617,0.42224228
628,0.3598511
634,0.41797942
646,0.4426182
649,0.41316593
651,0.6270061
654,0.56757575
656,0.6364629
657,0.45549852
669,0.37260062
670,0.62945145
693,0.4183948
694,0.42050183
699,0.4247881
711,0.39449793
718,0.42527893
722,0.42028362
723,0.39768034
725,0.44265097
734,0.40280697
735,0.63997775
737,0.4336558
746,0.35924524
747,0.39449793
766,0.3797657
767,0.39866573
771,0.40038335
773,0.43274617
774,0.4291919
783,0.43641174
784,0.38738084
789,0.3907823
792,0.37450647
804,0.33961922
809,0.39307782
812,0.37889275
813,0.3653865
817,0.46326986
820,0.40045476
825,0.38039315
826,0.3804171
829,0.3710738
855,0.36773726
859,0.5801325
862,0.35660282
870,0.39732325
876,0.42160308
880,0.3869685
886,0.62945145
889,0.44591957
891,0.6397795
897,0.6270061
902,0.34854043
903,0.45058754
908,0.33130792
909,0.40405136
920,0.32657918
922,0.41534486
924,0.41714966
932,0.35694796
934,0.3563937
937,0.33623046
941,0.41679195
943,0.41679195
950,0.40257293
952,0.4003168
954,0.64005184
963,0.36829334
975,0.40933633
979,0.43155742
981,0.44483942
983,0.2651745
985,0.7245216
989,0.6853328
995,0.42337507
998,0.5801325
1008,0.42362714
1019,0.5787462
1023,0.4168803
1026,0.39870834
1029,0.40839168
1034,0.41076982
1036,0.41779092
1038,0.3757677
1039,0.37892067
1051,0.62945145
1052,0.4117889
1066,0.41924605
1087,0.41924334
1092,0.3346788
1094,0.4247881
1098,0.42337507
1099,0.3577793
1102,0.37056744
1118,0.42875874
1131,0.43701646
1133,0.62945145
1135,0.5787462
1138,0.62945145
1139,0.5801325
1142,0.35151064
1151,0.37822258
1152,0.40806863
1155,0.45205894
1165,0.412555
1167,0.52155024
1172,0.58902764
1174,0.47974303
1180,0.62945145
1200,0.41118413
1202,0.41251704
1227,0.45413023
1228,0.6644361
1229,0.38514552
1237,0.64005184
1241,0.45154393
1256,0.41697657
1279,0.45248938
1293,0.5750744
1295,0.3930058
1319,0.6397795
1320,0.4255999
1321,0.44795263
1322,0.4426182
1334,0.27014583
1351,0.6270061
1373,0.40875447
1375,0.39801604
1380,0.6845752
1382,0.43630585
1385,0.62945145
1399,0.45173633
1403,0.63738054
1428,0.4303969
1434,0.31443906
1444,0.62945145
1448,0.35905716
1466,0.45056963
1476,0.409644
1478,0.41263244
1485,0.37587735
1491,0.57620996
1494,0.42145574
1500,0.62945145
1501,0.42028362
1503,0.4255999
1519,0.62945145
1524,0.4520331
1529,0.4303281
1533,0.6165312
1538,0.62945145
1539,0.4174791
1546,0.62945145
1555,0.3955578
1559,0.41813773
1563,0.44315207
1565,0.62728244
1574,0.39711943
1591,0.39679372
1594,0.43274617
1605,0.37240967
1611,0.4266824
1614,0.4266352
1620,0.4061874
1626,0.41050088
1630,0.4071115
1632,0.36630183
1634,0.42095646
1643,0.39508048
1651,0.42337507
1655,0.4174565
1658,0.390458
1659,0.43417108
1665,0.4199492
1675,0.437023
1680,0.5664205
1690,0.41336024
1696,0.43230945
1714,0.4305451
1721,0.3918857
1726,0.42378187
1728,0.42073873
1734,0.41115364
1735,0.41799274
1740,0.4730649
1744,0.4160168
1747,0.3445806
1752,0.41362917
1763,0.6272072
1765,0.6165312
1769,0.39907655
1785,0.42677954
1787,0.41679195
1788,0.6397795
1793,0.37240967
1800,0.4199492
1825,0.43311125
1826,0.62945145
1834,0.3433107
1843,0.3562827
1844,0.34916547
1848,0.40280697
1849,0.62945145
1860,0.64005184
1863,0.6397795
1875,0.45234978
1883,0.39435998
1890,0.38026732
1892,0.40193722
1893,0.42353496
1897,0.48200995
1905,0.40673545
1908,0.44265097
1931,0.44265097
1940,0.62945145
1943,0.41336024
1947,0.21135566
1965,0.42691603
1967,0.41939014
1968,0.41534486
1972,0.62945145
1982,0.3968103
1985,0.42942283
2005,0.4125537
2010,0.46636307
2021,0.4267724
2024,0.41520476
2036,0.41118413
2043,0.4437012
2047,0.38192058
2049,0.39801466
2055,0.39410654
2065,0.4266824
2066,0.4296141
2070,0.44303635
2077,0.62702376
2085,0.43928644
2095,0.40819743
2097,0.5801325
2108,0.62945145
2112,0.44306922
2113,0.47352442
2122,0.3198066
2139,0.42743507
2144,0.38405275
2146,0.43627313
2148,0.2863489
2149,0.64005184
2157,0.33634022
2159,0.40280697
2168,0.41692394
2176,0.56757575
2178,0.57788765
2181,0.42050183
2187,0.4301339
2188,0.42830983
2190,0.4088843
2194,0.62945145
2197,0.44265097
2214,0.33286533
2217,0.27311644
2222,0.4225477
2223,0.4027175
2226,0.3907823
2230,0.6364629
2240,0.6270061
2247,0.31105047
2250,0.45058754
2259,0.41015363
2262,0.46735638
2266,0.37677866
2305,0.39931688
2310,0.35817307
2313,0.62945145
2319,0.41916054
2320,0.44071722
2345,0.4343686
2350,0.64005184
2356,0.3860998
2360,0.4334645
2370,0.3845379
2386,0.37978518
2398,0.33416802
2414,0.5787462
2435,0.62702376
2439,0.64005184
2446,0.62945145
2458,0.40237236
2465,0.39494243
2466,0.42337507
2470,0.3921828
2495,0.56757575
2501,0.39449793
2507,0.4170479
2533,0.1787889
2537,0.39736927
2538,0.3787673
2541,0.45272908
2542,0.62945145
2544,0.44303635
2554,0.4167025
2555,0.42050183
2565,0.6291166
2575,0.5474504
2586,0.62945145
2588,0.425615
2594,0.6397795
2617,0.62728244
2618,0.42135608
2623,0.6397795
2631,0.62945145
2640,0.42102906
2642,0.6270061
2647,0.44437778
2663,0.4150153
2664,0.4358621
2676,0.4255999
2680,0.64005184
2681,0.4055756
2691,0.41910943
2693,0.4168898
2695,0.62945145
2704,0.36197248
2708,0.37604356
2709,0.6397795
2717,0.6397795
2722,0.41997233
2728,0.37753293
2732,0.5801325
2743,0.46401727
2752,0.45058754
2757,0.5787462
2761,0.62945145
2769,0.4314269
2771,0.5787462
2774,0.40749282
2776,0.4085828
2781,0.4376862
2793,0.45110473
2799,0.33259118
2803,0.41550076
2811,0.4521541
2818,0.38918793
2824,0.72670573
2828,0.62945145
2829,0.42378187
2830,0.4215421
2842,0.56757575
2847,0.6397795
2848,0.3862603
2868,0.37864107
2870,0.4004793
2885,0.31669363
2886,0.42452577
2889,0.42578325
2903,0.41409895
2904,0.5787462
2918,0.37835258
2919,0.39635321
2922,0.42337507
2923,0.44349712
2931,0.3896345
2945,0.4304176
2955,0.41443408
2957,0.64005184
2960,0.62945145
2963,0.4412726
2966,0.5787462
2972,0.44265097
2974,0.44303635
2982,0.41069266
2984,0.4094012
3016,0.6397795
3021,0.39657778
3023,0.56757575
3025,0.4255999
3029,0.39811462
3034,0.5787462
3038,0.4009686
3040,0.4322427
3051,0.43046272
3062,0.38491562
3069,0.38193527
3071,0.42190385
3076,0.62945145
3079,0.43368852
3081,0.4451451
3082,0.42337507
3084,0.4255999
3098,0.3795371
3104,0.35660282
3105,0.4123488
3114,0.62945145
3118,0.4291919
3122,0.4431193
3132,0.42214173
3138,0.47499967
3141,0.62945145
3156,0.64005184
3162,0.6390629
3167,0.35651577
3170,0.40312085
3171,0.34139672
3172,0.39311504
3176,0.62945145
3180,0.39671806
3189,0.42174748
3198,0.4134827
3206,0.45319074
3215,0.56936044
3222,0.6632346
3228,0.42736995
3229,0.39756277
3232,0.33727545
3233,0.45559132
3238,0.39764464
3256,0.63230544
3264,0.39078268
3273,0.42337507
3275,0.42761904
3285,0.6479992
3289,0.39993265
3294,0.34637403
3306,0.3792444
3311,0.5801325
3318,0.41662812
3322,0.37978518
3324,0.41021043
3334,0.3661721
3341,0.4298921
3345,0.43401802
3346,0.62945145
3352,0.44265097
3368,0.39727172
3371,0.27724138
3372,0.42166615
3375,0.4255999
3384,0.39307782
3387,0.4139773
3393,0.40705368
3406,0.41022375
3411,0.4312079
3412,0.44755885
3414,0.3892072
3417,0.6216261
3420,0.64005184
3423,0.6397795
3436,0.43641174
3438,0.64005184
3442,0.3779321
3443,0.40749282
3451,0.4340738
3461,0.4408465
3489,0.34092396
3491,0.38750064
3510,0.4387923
3515,0.38126191
3527,0.45085132
3530,0.62945145
3540,0.29934758
3582,0.33524287
3604,0.6165312
3605,0.38952443
3609,0.44306922
3624,0.32121488
3628,0.64005184
3630,0.4040313
3641,0.42198595
3642,0.4393461
3648,0.33923015
3650,0.62593603
3652,0.6397795
3660,0.409244
3664,0.4333032
3670,0.44315207
3672,0.42378187
3680,0.62702376
3682,0.5775985
3685,0.44306922
3686,0.40583366
3689,0.41692394
3705,0.4031931
3712,0.38602275
3713,0.38314468
3719,0.39976174
3721,0.37624785
3723,0.37783715
3724,0.36651525
3727,0.36085233
3733,0.38953337
3734,0.43268538
3742,0.355041
3770,0.29209408
3777,0.32318288
3778,0.32838413
3780,0.41710815
3783,0.45058754
3784,0.42312986
3788,0.40924734
3790,0.40714929
3794,0.36890078
3795,0.4291919
3796,0.40506312
3801,0.38151473
3806,0.4255999
3813,0.4291919
3814,0.44344798
3818,0.5787462
3824,0.4177324
3836,0.45417133
3853,0.45544845
3855,0.42028362
3858,0.62593603
3861,0.5787462
3866,0.44299597
3870,0.39784512
3874,0.62728244
3876,0.38251662
3878,0.42187908
3890,0.37517834
3900,0.62702376
3904,0.354827
3906,0.38563398
3907,0.3905625
3908,0.33191288
3912,0.62702376
3918,0.6397795
3923,0.62945145
3924,0.39373842
3925,0.5750744
3927,0.44265097
3955,0.5787462
3964,0.62728244
3969,0.56757575
3974,0.5787462
3976,0.6397795
3984,0.4234014
3991,0.3852922
3993,0.62945145
4009,0.42953548
4011,0.40093622
4020,0.4850068
4033,0.33552095
4041,0.40453035
4045,0.62945145
4052,0.576464
4055,0.37260062
4056,0.4028189
4057,0.40425795
4067,0.56897146
4069,0.42378187
4077,0.45600888
4094,0.35618305
4095,0.3648617
4100,0.5001867
4119,0.4051821
4130,0.4619701
4131,0.40973318
4132,0.4321266
4134,0.58308333
4137,0.5418608
4138,0.41336024
4143,0.4367794
4145,0.6255872
4148,0.42642933
4163,0.27301112
4166,0.3688653
4169,0.63738054
4170,0.38284454
4174,0.62945145
4180,0.3978533
4199,0.5801325
4201,0.40278533
4203,0.36277214
4210,0.12283813
4211,0.41423348
4213,0.62945145
4225,0.38342607
4235,0.4025754
4242,0.38953337
4245,0.3816788
4250,0.4266824
4252,0.42615613
4254,0.62945145
4263,0.6270061
4264,0.6165312
4268,0.32743627
4270,0.41545993
4282,0.62945145
4283,0.44444785
4291,0.41283065
4304,0.3892169
4306,0.4088292
4309,0.39563924
4310,0.39560172
4313,0.435293
4314,0.41887254
4315,0.40490133
4321,0.3605008
4324,0.33706114
4325,0.40817136
4328,0.39389527
4329,0.29342318
4332,0.40102366
4337,0.39997083
4342,0.4215412
4344,0.40680125
4352,0.408358
4355,0.32990825
4366,0.36041585
4371,0.46482924
4372,0.41537163
4376,0.39926177
4384,0.40376627
4387,0.373886
4389,0.38454768
4390,0.4435678
4406,0.35259703
4407,0.64005184
4409,0.6397795
4410,0.6397795
4424,0.41692394
4434,0.40394112
4452,0.5750744
4460,0.3504561
4470,0.64005184
4480,0.38223746
4496,0.64005184
4503,0.44035104
4512,0.41480336
4518,0.62945145
4519,0.3842866
4522,0.41163307
4525,0.39768115
4537,0.4001383
4546,0.4344804
4547,0.5750744
4553,0.42340472
4556,0.35279953
4558,0.4211986
4563,0.29756567
4568,0.41831738
4574,0.5801325
4578,0.41878605
4587,0.39065456
4592,0.40663797
4610,0.3862603
4615,0.62945145
4619,0.36980593
4620,0.39957184
4625,0.4284943
4635,0.4179626
4636,0.39539292
4641,0.38083255
4650,0.36882442
4653,0.62945145
4665,0.42773294
4668,0.5787462
4669,0.32137588
4670,0.44306922
4674,0.41682988
4675,0.41761878
4676,0.5750744
4679,0.42237443
4680,0.6165312
4686,0.435293
4699,0.4389755
4713,0.63997775
4718,0.402196
4721,0.41092524
4722,0.3943826
4724,0.40280697
4730,0.5511323
4731,0.45376745
4735,0.36898226
4743,0.31370208
4745,0.41585127
4746,0.4165263
4747,0.38182178
4748,0.4270046
4769,0.40698275
4771,0.371917
4774,0.45058754
4784,0.40311116
4797,0.41433614
4801,0.41101125
4804,0.24762483
4820,0.43637902
4833,0.36321408
4834,0.33378178
4851,0.4101044
4859,0.2714663
4860,0.56897146
4863,0.3697499
4873,0.3988726
4881,0.42377022
4892,0.35370934
4908,0.6397795
4911,0.39865944
4915,0.3950426
4922,0.40166524
4929,0.62945145
4936,0.28320456
4939,0.4255999
4951,0.40839168
4956,0.39870068
4961,0.4072328
4964,0.39714643
4981,0.39168197
4991,0.62945145
4992,0.4375422
4997,0.42378187
5004,0.42588943
5010,0.45291552
5012,0.41534486
5015,0.2770386
5020,0.39488137
5030,0.40576443
5051,0.64005184
5052,0.63738054
5057,0.6397795
5058,0.62945145
5060,0.40680125
5061,0.36306003
5064,0.64005184
5078,0.6112278
5080,0.5668165
5088,0.3735802
5089,0.5976405
5090,0.3880324
5103,0.59312344
5108,0.4276003
5114,0.40505123
5115,0.4247881
5124,0.46454883
5137,0.6397795
5139,0.3908563
5144,0.4051821
5149,0.6397795
5157,0.43218595
5163,0.38475695
5174,0.40746927
5176,0.64005184
5179,0.3880861
5186,0.6397795
5203,0.43260947
5204,0.6245719
5206,0.3770298
5207,0.3999304
5220,0.41115364
5221,0.62945145
5224,0.3735834
5227,0.40578726
5229,0.38530016
5232,0.6397795
5240,0.64005184
5242,0.43474174
5243,0.41015363
5245,0.48522833
5248,0.63997775
5249,0.435293
5254,0.39449793
5269,0.42440245
5272,0.4041295
5276,0.37344664
5286,0.6397795
5290,0.4328841
5308,0.56757575
5316,0.37870103
5318,0.62945145
5319,0.37970266
5320,0.44871593
5322,0.32638192
5324,0.38489655
5331,0.44306922
5336,0.6364629
5344,0.62593603
5354,0.3462799
5356,0.07933098
5358,0.4094012
5361,0.40806863
5365,0.62945145
5370,0.39864784
5376,0.29346335
5383,0.35435566
5384,0.4072328
5385,0.3933901
5393,0.6397795
5397,0.38446286
5398,0.39023316
5402,0.3912348
5407,0.44044298
5409,0.38568985
5425,0.6397795
5428,0.5787462
5430,0.42736995
5442,0.41316593
5447,0.63738054
5470,0.41496587
5485,0.33949846
5493,0.4328841
5502,0.4426182
5504,0.35599655
5517,0.4340738
5522,0.4151147
5527,0.6397795
5528,0.44265097
5536,0.40505123
5545,0.41979337
5576,0.39234525
5577,0.46401727
5592,0.47152877
5594,0.3884438
5595,0.35478857
5596,0.35171688
5599,0.43311125
5606,0.6397795
5617,0.3555056
5625,0.4026672
5626,0.4420037
5627,0.62593603
5642,0.56757575
5659,0.64005184
5664,0.64005184
5666,0.4092027
5671,0.424595
5674,0.37594578
5677,0.40651628
5681,0.34837243
5683,0.05245153
5700,0.6165312
5713,0.6397795
5715,0.63738054
5718,0.37758544
5726,0.44864854
5738,0.35423723
5741,0.39161116
5743,0.42110443
5753,0.6179727
5761,0.39582938
5789,0.43630585
5797,0.3946
5803,0.42830983
5810,0.6397795
5813,0.44901875
5817,0.3842341
5818,0.45843366
5822,0.43630585
5829,0.43508846
5846,0.62945145
5847,0.38202393
5854,0.395871
5858,0.6165312
5863,0.3653053
5869,0.44315207
5870,0.43939188
5876,0.3532392
5881,0.39739162
5901,0.401815
5922,0.34770694
5928,0.64005184
5933,0.5801325
5934,0.6397795
5946,0.4073145
5951,0.4426182
5955,0.33598918
5956,0.64005184
5965,0.3316814
5972,0.43157908
5981,0.4451451
5997,0.64005184
6005,0.41450122
6009,0.41924334
6010,0.40055627
6015,0.35487267
6039,0.44265097
6047,0.64005184
6051,0.05865866
6056,0.40806863
6061,0.37563807
6064,0.3717893
6065,0.42378187
6070,0.39766756
6085,0.62945145
6086,0.38598073
6091,0.64005184
6097,0.47103703
6099,0.63997775
6104,0.5787462
6108,0.6397795
6109,0.63997775
6124,0.44265762
6142,0.5787462
6144,0.3419792
6150,0.3597027
6154,0.6397795
6155,0.44306922
6156,0.63738054
6158,0.36274955
6159,0.5787462
6169,0.62702376
6170,0.06590186
6179,0.3890387
6184,0.41159192
6186,0.62945145
6204,0.19942664
6230,0.62945145
6231,0.42337507
6232,0.6397795
6235,0.366096
6237,0.62945145
6239,0.3742998
6263,0.6165312
6265,0.32379115
6270,0.44002536
6271,0.435293
6278,0.62728244
6279,0.6397795
6288,0.36636814
6294,0.4072328
6295,0.42096063
6302,0.4078416
6306,0.347769
6322,0.6364629
6324,0.45248938
6327,0.45425412
6331,0.6397795
6334,0.44289306
6338,0.42237443
6339,0.42805266
6362,0.38833907
6372,0.6397795
6375,0.44265097
6393,0.43267706
6394,0.64005184
6405,0.62728244
6406,0.39976174
6416,0.41549438
6421,0.63997775
6422,0.40072796
6440,0.62945145
6457,0.6165312
6460,0.41466883
6463,0.63738054
6474,0.62728244
6476,0.41634777
6477,0.36540696
6482,0.64005184
6488,0.39449793
6489,0.39161116
6494,0.38247395
6499,0.3769329
6507,0.36866257
6524,0.3684076
6527,0.3113104
6531,0.3237842
6536,0.62945145
6538,0.1754368
6542,0.38901424
6565,0.39389527
6584,0.38959745
6588,0.41336024
6597,0.39727172
6603,0.62593603
6609,0.5787462
6613,0.6397795
6622,0.3964838
6630,0.3733612
6637,0.44389984
6639,0.62945145
6640,0.25811166
6646,0.40236264
6647,0.62945145
6648,0.62945145
6669,0.394869
6680,0.3036354
6681,0.30978444
6684,0.12271685
6693,0.3361631
6694,0.35108462
6704,0.43267706
6706,0.5801325
6710,0.36751688
6713,0.4546247
6718,0.42135608
6732,0.37235728
6737,0.4448892
6739,0.35028622
6742,0.4255999
6746,0.3870456
6753,0.39076152
6771,0.4330064
6784,0.42814052
6790,0.6390629
6795,0.64005184
6807,0.4235029
6808,0.43507653
6818,0.4352603
6823,0.39577076
6830,0.62945145
6831,0.62593603
6832,0.399796
6836,0.42958072
6846,0.3652748
6850,0.3306802
6854,0.371917
6868,0.62945145
6876,0.36192966
6877,0.45058754
6881,0.2774558
6882,0.34819484
6884,0.4389755
6886,0.42378187
6901,0.39804262
6910,0.3896044
6913,0.3907823
6914,0.66820145
6918,0.5414299
6930,0.38718617
6941,0.41679195
6944,0.39194554
6945,0.4686237
6947,0.64005184
6949,0.6165312
6952,0.61296856
6963,0.3907823
6964,0.6165312
6972,0.5801325
6979,0.42659935
6981,0.35052755
6988,0.62945145
6990,0.4241188
6998,0.40505123
7004,0.39069757
7016,0.39571407
7027,0.37483612
7042,0.43939695
7056,0.39770028
7061,0.44125065
7069,0.41911155
7071,0.45544845
7088,0.4247881
7099,0.425281
7108,0.3929701
7121,0.5801325
7125,0.62945145
7136,0.44071722
7149,0.41617924
7150,0.3909222
7151,0.37496358
7167,0.41004688
7177,0.56897146
7178,0.32142472
7183,0.48160338
7186,0.36343336
7190,0.40821466
7201,0.42573097
7202,0.4064828
7207,0.39386013
7213,0.37789086
7224,0.40867043
7225,0.44265097
7233,0.38478085
7239,0.43939188
7246,0.44002536
7248,0.39980716
7261,0.62945145
7264,0.40943637
7266,0.30664513
7274,0.3132824
7279,0.49121204
7293,0.37737477
7315,0.23905805
7322,0.42736995
7326,0.62728244
7341,0.36346236
7363,0.62945145
7365,0.3933901
7371,0.4179626
7377,0.3845379
7393,0.62945145
7405,0.43627313
7410,0.5801325
7434,0.4235387
7438,0.40526664
7447,0.435293
7450,0.44002536
7452,0.3652748
7453,0.25834525
7455,0.35121164
7456,0.40802202
7457,0.62945145
7466,0.63738054
7470,0.6165312
7474,0.40505123
7487,0.4074025
7488,0.37131256
7492,0.5541786
7496,0.36202633
7501,0.43368852
7505,0.46136975
7512,0.3425445
7526,0.43247283
7536,0.435293
7538,0.63997775
7539,0.4187466
7544,0.6397795
7554,0.37899032
7564,0.44265097
7566,0.43939188
7580,0.4231691
7581,0.42362714
7584,0.40817136
7587,0.33515447
7589,0.42337507
7590,0.4305962
7594,0.38073844
7597,0.4028116
7602,0.64005184
7603,0.37896204
7605,0.44038913
7609,0.41115364
7613,0.42393
7619,0.43630585
7625,0.43999258
7626,0.6397795
7636,0.63997775
7639,0.62702376
7641,0.40848067
7643,0.6270061
7644,0.3964838
7657,0.41115364
7661,0.4356101
7666,0.387338
7673,0.44044298
7683,0.5787462
7685,0.4298921
7699,0.44349712
7704,0.4431193
7705,0.42615613
7708,0.4426182
7728,0.44265097
7733,0.41611663
7741,0.46401727
7743,0.4096425
7745,0.37359726
7754,0.42995197
7756,0.41496694
7757,0.42440245
7770,0.40393043
7773,0.62945145
7774,0.41692394
7776,0.5801325
7777,0.34532246
7778,0.34908977
7781,0.6179727
7784,0.37873018
7789,0.64005184
7794,0.3978453
7799,0.45348445
7801,0.5094179
7818,0.41993997
7823,0.40505123
7828,0.40867043
7832,0.41409895
7839,0.4096425
7851,0.3892169
7856,0.40695345
7868,0.5801325
7869,0.28493726
7872,0.32505047
7874,0.35425475
7878,0.29401383
7888,0.4519212
7913,0.3220411
7923,0.41534486
7925,0.5787462
7926,0.40962017
7938,0.35241133
7942,0.56757575
7945,0.41172212
7954,0.4314269
7963,0.41851494
7969,0.41534486
7970,0.62945145
7977,0.62945145
7981,0.3933642
7990,0.4183948
8020,0.4006704
8023,0.36843348
8025,0.37109974
8034,0.62945145
8039,0.42337507
8046,0.3955578
8051,0.4088843
8055,0.36855638
8060,0.3848601
8063,0.29136568
8073,0.64005184
8074,0.37787616
8076,0.43630585
8080,0.43254676
8088,0.39722908
8102,0.2825551
8103,0.6397795
8104,0.6397795
8105,0.38953337
8109,0.43710554
8115,0.6397795
8121,0.43274617
8126,0.43875638
8135,0.4997886
8153,0.4426182
8156,0.3587662
8160,0.43373287
8161,0.45417133
8162,0.49874976
8171,0.379745
8181,0.35197592
8183,0.38230088
8185,0.41215837
8191,0.62945145
8203,0.2896568
8204,0.64005184
8207,0.45675087
8208,0.42519313
8209,0.42577478
8210,0.41674796
8225,0.40425795
8226,0.34878933
8231,0.3800389
8233,0.27197185
8244,0.5649893
8250,0.35784993
8261,0.64005184
8265,0.40280697
8278,0.3780238
8279,0.37376612
8280,0.4518467
8296,0.56757575
8299,0.41496587
8300,0.4054145
8301,0.4451451
8305,0.42743507
8327,0.36009318
8334,0.422992
8349,0.3192586
8355,0.33562347
8361,0.4621875
8362,0.40124124
8364,0.37764713
8365,0.40055627
8375,0.3584518
8378,0.44265097
8380,0.41221192
8381,0.3850529
8387,0.4298921
8399,0.56897146
8402,0.64005184
8409,0.40375525
8433,0.62945145
8436,0.4221906
8442,0.3955907
8448,0.37313518
8464,0.34255078
8469,0.39487302
8474,0.3804171
8478,0.4524969
8482,0.3869682
8490,0.2795375
8510,0.4179626
8511,0.39190483
8527,0.35121354
8532,0.32043746
8533,0.34637403
8538,0.38953337
8541,0.40357274
8545,0.39783165
8553,0.4411833
8554,0.39768115
8555,0.37790057
8569,0.3218389
8586,0.4336558
8593,0.37216514
8600,0.5801325
8606,0.46381262
8607,0.31075287
8611,0.39566883
8613,0.44713983
8618,0.62945145
8630,0.3964436
8637,0.38264036
8650,0.38833907
8652,0.28613946
8661,0.6165312
8669,0.38249326
8673,0.39612824
8674,0.3954705
8678,0.62702376
8682,0.36205834
8688,0.46160716
8689,0.5721655
8695,0.34386766
8698,0.3907823
8703,0.4051021
8709,0.37819946
8716,0.41339892
8723,0.3407633
8737,0.31669363
8753,0.40617737
8773,0.62945145
8774,0.39008468
8778,0.62945145
8786,0.41662812
8794,0.62728244
8795,0.43608207
8800,0.33386222
8804,0.37772745
8808,0.41682094
8809,0.44265097
8817,0.62945145
8818,0.3933642
8825,0.38655034
8830,0.42266768
8833,0.40068126
8834,0.34923193
8836,0.44041324
8837,0.36221856
8844,0.2956169
8851,0.34643233
8861,0.62702376
8864,0.41283065
8865,0.3713905
8869,0.30643255
8873,0.6165312
8880,0.42378187
8884,0.41351545
8888,0.3879366
8889,0.3775712
8891,0.6270061
8893,0.3800389
8897,0.4141098
8905,0.41147834
8910,0.5801325
8918,0.6270061
8939,0.36828825
8940,0.41050088
8941,0.35110125
8944,0.3404517
8949,0.38952443
8950,0.3623031
8958,0.42440408
8967,0.6397795
8975,0.3201201
8979,0.40280697
8980,0.3511872
8991,0.2261544
8995,0.21706758
8996,0.35437763
8998,0.5750744
9000,0.43456462
9001,0.46425486
9002,0.3890387
9024,0.4305962
9026,0.35159436
9027,0.40725535
9034,0.42257074
9038,0.36809242
9050,0.4010358
9052,0.43298393
9054,0.4247881
9078,0.62945145
9097,0.43609026
9109,0.3132824
9112,0.4532004
9115,0.39698043
9125,0.6364629
9132,0.4224735
9136,0.41987285
9139,0.3697779
9140,0.33432758
9142,0.39739266
9143,0.42478153
9147,0.37109974
9159,0.39449793
9165,0.642909
9172,0.40806863
9177,0.38959745
9179,0.32604077
9185,0.39296108
9196,0.6165312
9201,0.42337507
9209,0.3839989
9210,0.44930544
9212,0.35561147
9214,0.37972197
9240,0.64005184
9241,0.435293
9244,0.41336024
9249,0.3022038
9250,0.40453658
9255,0.42337507
9258,0.38412097
9263,0.33326602
9266,0.36318615
9269,0.38757968
9272,0.39168197
9276,0.56897146
9290,0.4123163
9299,0.36164844
9303,0.36639458
9310,0.17808102
9311,0.37416333
9314,0.3943473
9315,0.7493184
9325,0.38371646
9328,0.38015375
9329,0.60781807
9332,0.7241522
9337,0.67355204
9353,0.48200995
9355,0.40218687
9356,0.62945145
9362,0.43630585
9364,0.6165312
9366,0.6179727
9387,0.6397795
9388,0.62945145
9396,0.64005184
9400,0.3547721
9406,0.4064539
9411,0.39632767
9416,0.4247881
9417,0.62945145
9423,0.6364629
9425,0.64005184
9426,0.42958072
9427,0.41190416
9429,0.5787462
9430,0.44315207
9434,0.44166014
9442,0.433813
9458,0.42521194
9476,0.38385263
9481,0.41118413
9483,0.43165767
9484,0.4215421
9487,0.57620996
9488,0.40991184
9490,0.35147604
9502,0.62945145
9505,0.3264125
9509,0.6165312
9515,0.43128526
9516,0.3952674
9532,0.36006233
9539,0.41950193
9542,0.56757575
9549,0.36428356
9550,0.41903123
9553,0.4419709
9554,0.3714261
9561,0.43627313
9566,0.42257074
9571,0.3902327
9577,0.40505123
9584,0.3993134
9592,0.39796472
9596,0.623641
9602,0.33190724
9603,0.33500215
9604,0.6397795
9608,0.6397795
9609,0.433813
9613,0.41863498
9623,0.3678192
9630,0.6397795
9633,0.4291919
9648,0.35283884
9665,0.6397795
9668,0.3874509
9678,0.4096425
9679,0.3818229
9693,0.62945145
9718,0.62945145
9720,0.6165312
9744,0.42102405
9745,0.34169665
9746,0.5750744
9753,0.34860855
9758,0.62702376
9759,0.40280697
9763,0.40896314
9766,0.33869466
9767,0.33974433
9777,0.37109974
9781,0.41304392
9789,0.33863583
9790,0.4088292
9799,0.4164579
9802,0.3074144
9805,0.62945145
9807,0.45248497
9812,0.42588943
9818,0.40055627
9820,0.64005184
9822,0.43663087
9824,0.62945145
9834,0.62945145
9836,0.32197723
9847,0.40100113
9864,0.6397795
9869,0.3469646
9875,0.4055756
9880,0.40749282
9889,0.62945145
9894,0.360542
9909,0.6397795
9915,0.42550662
9919,0.4431193
9920,0.5801325
9940,0.42677954
9946,0.4352603
9958,0.6397795
9959,0.3699922
9973,0.41584036
9976,0.38572398
9978,0.36631104
9982,0.39012325
9987,0.30630112
9988,0.44643456
9992,0.4199492
10000,0.05865866
10002,0.46736515
10005,0.38277188
10008,0.41431445
10009,0.409644
10011,0.39691356
10021,0.41074014
10022,0.5787462
10053,0.33737892
10074,0.37335843
10076,0.40695345
10090,0.57937527
10092,0.3547837
10099,0.4266824
10102,0.37323666
10103,0.3326762
10106,0.3366333
10108,0.62945145
10113,0.6179727
10119,0.3047586
10122,0.42591518
10125,0.39379987
10140,0.48973346
10155,0.31831363
10159,0.42257074
10164,0.49398556
10175,0.4409195
10176,0.49315673
10178,0.4559652
10186,0.64005184
10200,0.38534677
10204,0.6270061
10206,0.6165312
10211,0.41638255
10212,0.3407897
10217,0.425615
10220,0.6397795
10230,0.6397795
10234,0.41072387
10235,0.411691
10239,0.36608398
10240,0.4010358
10242,0.37873018
10245,0.34719026
10246,0.56757575
10247,0.35135508
10250,0.33032075
10254,0.6397795
10257,0.4168898
10260,0.44185108
10261,0.576464
10265,0.39069757
10273,0.3964436
10274,0.32226524
10277,0.43368852
10289,0.6165312
10290,0.33347443
10298,0.42337507
10301,0.37325943
10304,0.62945145
10305,0.42337507
10313,0.41115364
10320,0.32862687
10323,0.34345093
10328,0.41015363
10332,0.5787462
10336,0.6397795
10343,0.38775975
10348,0.6397795
10350,0.42588943
10351,0.3870456
10354,0.35487425
10372,0.41993997
10373,0.4340738
10380,0.39520058
10383,0.40774524
10396,0.56897146
10397,0.6367055
10399,0.67381185
10400,0.6388252
10401,0.40274492
10402,0.41872594
10403,0.66368324
10410,0.658253
10412,0.401815
10415,0.37205037
10424,0.40695345
10428,0.4004793
10432,0.3523594
10462,0.62945145
10477,0.32984218
10482,0.36873308
10484,0.3763082
10493,0.42579943
10495,0.42871892
10497,0.39727172
10516,0.40800512
10521,0.29141903
10522,0.3863319
10523,0.45843366
10528,0.3546025
10530,0.37489465
10532,0.413897
10533,0.37459016
10543,0.65564376
10547,0.40576443
10552,0.36437058
10558,0.36534208
10571,0.3990426
10572,0.26338023
10574,0.3196376
10583,0.65572387
10600,0.47253317
10607,0.42518702
10608,0.3907823
10614,0.2493199
10630,0.35083568
10634,0.4297288
10635,0.367765
10641,0.5801325
10643,0.41679195
10644,0.62702376
10648,0.4021357
10669,0.38017783
10675,0.39910343
10686,0.5801325
10704,0.404915
10707,0.3744378
10722,0.32899326
10736,0.62728244
10764,0.435293
10767,0.62945145
10776,0.42422122
10779,0.5337066
10781,0.38221818
10792,0.6364629
10797,0.40680125
10798,0.363315
10801,0.41099706
10802,0.3799866
10805,0.35939813
10808,0.41909268
10810,0.56897146
10816,0.33025715
10817,0.36776087
10829,0.6270061
10843,0.4900288
10858,0.6179727
10866,0.38692334
10876,0.40768865
10887,0.31889027
10891,0.29139853
10896,0.39536747
10900,0.44002536
10905,0.435293
10907,0.41919163
10917,0.28794914
10936,0.6245719
10947,0.36444345
10948,0.5787462
10951,0.403518
10955,0.31479236
10969,0.41696754
10984,0.38477573
10987,0.39822575
10990,0.33455208
10992,0.56757575
10996,0.41534486
10997,0.4255999
10999,0.40394112
11000,0.6397795
11001,0.3957487
11010,0.6397795
11016,0.64005184
11018,0.6397795
11034,0.6397795
11039,0.40973318
11041,0.40280697
11047,0.39327472
11053,0.39449793
11055,0.30251563
11056,0.41155708
11065,0.4195137
11068,0.4403559
11070,0.40612668
11071,0.40280697
11072,0.43128526
11079,0.6397795
11091,0.3714898
11094,0.4164579
11112,0.6397795
11113,0.62945145
11128,0.41779092
11153,0.39720127
11154,0.15779993
11163,0.43083423
11179,0.4336558
11181,0.4282875
11206,0.37109974
11216,0.41223824
11221,0.42194843
11223,0.44565505
11228,0.43627313
11235,0.39282146
11237,0.62728244
11244,0.28767958
11256,0.45549852
11267,0.36387095
11272,0.62728244
11281,0.42028362
11285,0.43999258
11288,0.6397795
11291,0.3950221
11293,0.40695345
11297,0.41045988
11298,0.42853975
11299,0.3946
11301,0.39678034
11309,0.46786478
11331,0.3907823
11332,0.44299597
11337,0.30608377
11343,0.64005184
11347,0.3666699
11348,0.4431193
11355,0.6270061
11368,0.40281415
11369,0.40105432
11371,0.62945145
11378,0.40144864
11384,0.4266824
11387,0.41634777
11393,0.3146301
11399,0.49398556
11412,0.43999258
11431,0.34939754
11432,0.3361912
11444,0.56897146
11450,0.62945145
11451,0.41498348
11476,0.40280697
11488,0.40047213
11495,0.56757575
11505,0.4426182
11508,0.64005184
11518,0.62945145
11522,0.24797966
11524,0.6397795
11533,0.62945145
11549,0.56757575
11551,0.64005184
11560,0.3513185
11563,0.37878218
11565,0.6270061
11567,0.39005932
11569,0.41534486
11598,0.44296312
11604,0.41050088
11611,0.4329441
11617,0.74913895
11626,0.6165312
11642,0.40695345
11643,0.37084287
11648,0.39560172
11651,0.39134106
11663,0.3496745
11666,0.64005184
11685,0.5798983
11686,0.38194042
11698,0.3075595
11708,0.42837828
11711,0.37917128
11718,0.34073982
11742,0.35694095
11761,0.44306922
11767,0.4177324
11768,0.3716182
11775,0.39866573
11779,0.6165312
11786,0.62945145
11790,0.5750744
11791,0.40837678
11796,0.06772072
11806,0.41015363
11810,0.39727026
11811,0.38941327
11814,0.5787462
11816,0.3780238
11820,0.433813
11822,0.4431193
11829,0.3921828
11832,0.40090743
11834,0.56897146
11836,0.3653053
11837,0.4519212
11844,0.435293
11847,0.4609486
11864,0.62945145
11865,0.43335003
11872,0.4247881
11873,0.6397795
11886,0.5776369
11894,0.40839168
11905,0.37248546
11906,0.25871232
11907,0.40280697
11912,0.37486696
11914,0.5719696
11918,0.41534486
11924,0.3802179
11929,0.64005184
11930,0.40197685
11936,0.40827724
11937,0.41336024
11954,0.6314222
11957,0.4426182
11964,0.44579104
11968,0.18973199
11972,0.63997775
11976,0.41997233
11979,0.32197723
11981,0.37622353
11983,0.42378187
11989,0.25105244
11991,0.37481168
11998,0.3729863
12003,0.4230097
12007,0.3984036
12011,0.402104
12014,0.38385263
12024,0.24372463
12033,0.40791124
12034,0.41097173
12041,0.34837243
12046,0.62702376
12056,0.42005268
12064,0.39281544
12069,0.36869907
12070,0.35536498
12071,0.37919176
12072,0.44265097
12078,0.336376
12091,0.435293
12092,0.63997775
12094,0.4684339
12098,0.42988768
12103,0.35646662
12115,0.62593603
12118,0.64005184
12122,0.33727545
12125,0.6397795
12133,0.41679195
12137,0.62945145
12141,0.38506448
12143,0.4052873
12144,0.6397795
12154,0.36290184
12163,0.40806863
12170,0.40576443
12193,0.35863158
12196,0.39193857
12206,0.43459526
12209,0.5787462
12214,0.38892207
12228,0.3471134
12233,0.4627025
12238,0.57788765
12242,0.37711453
12245,0.42677954
12247,0.41674796
12251,0.36376756
12287,0.4291919
12292,0.683166
12304,0.36078882
12317,0.56757575
12320,0.62945145
12323,0.5801325
12328,0.42589274
12333,0.62728244
12334,0.3864765
12335,0.33292642
12352,0.62945145
12358,0.37835258
12364,0.40260157
12376,0.37978518
12396,0.41443408
12402,0.63738054
12406,0.40140522
12408,0.31789735
12410,0.61296856
12413,0.40970474
12417,0.39948735
12424,0.4052873
12425,0.32838297
12426,0.32610852
12430,0.37992308
12432,0.5787462
12433,0.43174994
12451,0.19795321
12457,0.42588943
12465,0.62945145
12468,0.42794698
12474,0.40319863
12475,0.62945145
12486,0.64005184
12487,0.40680125
12514,0.38385263
12524,0.62945145
12526,0.354827
12530,0.4090759
12532,0.2296802
12593,0.4426182
12599,0.42378187
12600,0.3944048
12603,0.40232652
12624,0.6397795
12630,0.41692394
12638,0.42337507
12641,0.62945145
12643,0.64005184
12656,0.42029595
12666,0.44041324
12673,0.64005184
12675,0.44265097
12678,0.42728814
12692,0.06590186
12693,0.64005184
12707,0.43273056
12711,0.6165312
12716,0.4431193
12717,0.64005184
12723,0.4304176
12738,0.33762348
12742,0.34854674
12746,0.37178078
12753,0.62945145
12758,0.40576443
12760,0.3303728
12763,0.41152364
12764,0.42677954
12768,0.3842866
12776,0.39957076
12777,0.41276214
12783,0.56897146
12804,0.37351176
12824,0.36030698
12839,0.41717854
12847,0.4519212
12850,0.64005184
12867,0.62945145
12883,0.4344804
12887,0.3474384
12890,0.3260769
12903,0.42210928
12906,0.3425116
12907,0.22208028
12909,0.44389984
12912,0.3943473
12915,0.34308785
12930,0.42102906
12931,0.38649777
12934,0.3815996
12951,0.40695345
12955,0.41496587
12973,0.6397795
12988,0.3539771
12999,0.3769427
13015,0.3804138
13026,0.4426182
13036,0.34381986
13039,0.34363836
13040,0.44265097
13041,0.62945145
13043,0.62945145
13057,0.41050088
13064,0.34939343
13068,0.6397795
13069,0.4255999
13073,0.39305204
13079,0.64005184
13086,0.3433399
13089,0.4484236
13093,0.3488123
13097,0.6397795
13098,0.41679195
13105,0.358988
13107,0.4340738
13108,0.46617538
13110,0.40551883
13112,0.44303635
13114,0.38903204
13118,0.39054587
13127,0.34787723
13129,0.3785292
13142,0.62945145
13146,0.62945145
13149,0.5787462
13157,0.3896277
13158,0.42337507
13159,0.4434643
13161,0.4426182
13162,0.40861347
13166,0.39190483
13168,0.39282146
13170,0.6165312
13186,0.3896345
13191,0.42378187
13203,0.39126262
13209,0.42028362
13212,0.40449896
13213,0.36274955
13222,0.44125065
13229,0.41421986
13234,0.44265097
13257,0.6397795
13258,0.3733612
13268,0.45378363
13270,0.4232707
13291,0.44260114
13292,0.3689768
13299,0.41227823
13307,0.56897146
13309,0.30477005
13311,0.42337507
13312,0.40319863
13322,0.36144936
13324,0.6397795
13330,0.45714858
13338,0.43999258
13344,0.44044298
13348,0.28766978
13355,0.41848445
13365,0.62945145
13368,0.4435678
13370,0.42573097
13372,0.435293
13377,0.44303635
13385,0.614415
13389,0.4146353
13393,0.6397795
13395,0.45159388
13404,0.44002536
13411,0.4285447
13416,0.4167975
13434,0.40973318
13435,0.3899412
13445,0.37421155
13446,0.40272135
13451,0.62945145
13462,0.3998817
13464,0.35807192
13466,0.3880849
13471,0.38937852
13472,0.62702376
13477,0.5750744
13481,0.40526837
13484,0.42359826
13490,0.36437032
13492,0.38434827
13500,0.4225552
13508,0.41860852
13516,0.3407633
13525,0.2824591
13526,0.64005184
13530,0.4012713
13532,0.35628453
13538,0.37619036
13546,0.4267724
13548,0.39568737
13550,0.6397795
13551,0.4255999
13564,0.42517585
13566,0.62945145
13570,0.42337507
13580,0.4443553
13585,0.435293
13588,0.34424102
13592,0.6397795
13594,0.3652748
13609,0.39474347
13610,0.46465442
13613,0.3555013
13625,0.4255999
13626,0.63738054
13639,0.6397795
13645,0.6165312
13647,0.42050183
13648,0.35469344
13652,0.6397795
13654,0.62945145
13664,0.62945145
13673,0.41750646
13684,0.39577156
13690,0.36836377
13693,0.43368852
13696,0.44315207
13700,0.4223456
13701,0.33724716
13707,0.43630585
13713,0.39126933
13714,0.37531868
13716,0.42728814
13720,0.39452803
13727,0.4199492
13733,0.37892938
13738,0.38238817
13757,0.36471656
13759,0.44265097
13761,0.62945145
13767,0.44002536
13782,0.42257074
13786,0.3591841
13787,0.40973318
13792,0.435293
13795,0.43691105
13798,0.5787462
13807,0.12283813
13809,0.40535548
13811,0.34788606
13815,0.41443408
13817,0.42102906
13818,0.41757882
13822,0.40055627
13824,0.38174933
13829,0.44315207
13832,0.62603515
13840,0.5578572
13841,0.57088494
13868,0.4153436
13871,0.5775985
13880,0.39426577
13888,0.4352603
13890,0.62702376
13891,0.37450647
13895,0.3736581
13907,0.36566272
13910,0.44075
13912,0.44265097
13913,0.40280697
13923,0.43999258
13929,0.4274414
13936,0.45429882
13946,0.4195137
13950,0.56757575
13951,0.37873018
13954,0.41489252
13958,0.36188966
13969,0.38911712
13980,0.350589
13981,0.6397795
13986,0.4072328
13987,0.32780337
13989,0.4183948
13992,0.44299597
13994,0.62945145
14001,0.46401727
14002,0.41534486
14004,0.40297058
14006,0.4177324
14012,0.4426182
14021,0.36781305
14024,0.4255999
14045,0.38056886
14047,0.4263518
14057,0.4031931
14059,0.34481406
14060,0.35168657
14068,0.32677495
14070,0.38918793
14074,0.3907823
14076,0.44299597
14089,0.4211601
14115,0.42103013
14116,0.4426182
14128,0.42931864
14131,0.38971612
14134,0.64005184
14137,0.42019978
14138,0.3694221
14139,0.6397795
14152,0.42660683
14153,0.75336355
14155,0.41534486
14156,0.658253
14164,0.45422134
14165,0.7289541
14171,0.33490366
14174,0.39602312
14181,0.639522
14186,0.4431193
14192,0.4038428
14201,0.4426182
14210,0.5787462
14214,0.42044201
14231,0.4232707
14236,0.45058754
14241,0.62702376
14245,0.4072328
14249,0.41717854
14251,0.5652785
14262,0.39784512
14265,0.3377427
14267,0.36037228
14270,0.62945145
14276,0.42452577
14279,0.206858
14281,0.43875253
14289,0.44125065
14290,0.44265097
14293,0.424098
14295,0.58029425
14297,0.4521889
14298,0.6397795
14310,0.32907018
14312,0.6165312
14315,0.57788765
14318,0.41050088
14319,0.39201498
14325,0.4431193
14331,0.41187987
14334,0.3300942
14341,0.4242867
14343,0.62945145
14344,0.42236727
14346,0.40193617
14347,0.41679195
14349,0.37017918
14352,0.40839168
14358,0.3460708
14361,0.4512811
14363,0.44306922
14374,0.4163241
14376,0.63997775
14381,0.4451451
14398,0.38634855
14410,0.38941327
14412,0.5750744
14415,0.62945145
14423,0.43267706
14425,0.38749504
14436,0.41080424
14444,0.41395673
14455,0.5787462
14465,0.40453035
14469,0.62945145
14471,0.41679195
14475,0.4440192
14479,0.3646661
14480,0.40001014
14488,0.36992732
14491,0.62593603
14501,0.41919163
14520,0.4255999
14522,0.4532004
14523,0.4448167
14537,0.57176095
14538,0.44315207
14550,0.39716926
14561,0.35916072
14575,0.6397795
14586,0.40644205
14592,0.62945145
14601,0.43939188
14602,0.377087
14604,0.480848
14606,0.39494243
14627,0.40680125
14641,0.44267538
14652,0.3907823
14662,0.4170089
14665,0.38971612
14673,0.40789464
14675,0.614415
14679,0.44087315
14683,0.43188947
14686,0.37709576
14705,0.67286533
14708,0.39670807
14709,0.48279148
14710,0.33548033
14715,0.41657594
14717,0.4274414
14723,0.41813773
14725,0.43627313
14727,0.4431193
14728,0.39449793
14735,0.39039865
14746,0.3892169
14752,0.5801325
14757,0.41037893
14762,0.3791207
14763,0.33389923
14797,0.34644395
14812,0.35763782
14818,0.42214173
14825,0.4215421
14827,0.38233423
14829,0.37647146
14830,0.5801325
14837,0.39801604
14849,0.62945145
14863,0.41100562
14869,0.42276746
14882,0.42011696
14884,0.41276214
14886,0.419322
14888,0.6165312
14890,0.36766145
14904,0.34750432
14938,0.6179727
14952,0.3591884
14958,0.42851064
14963,0.42337507
14979,0.49821422
14980,0.33577484
14986,0.4192932
14988,0.57788765
15003,0.49158275
15006,0.64005184
15009,0.6397795
15015,0.33727545
15024,0.4255999
15030,0.42810798
15036,0.62593603
15038,0.3620066
15039,0.62945145
15047,0.63738054
15049,0.4328514
15056,0.5787462
15068,0.40821415
15070,0.41246173
15073,0.41697657
15081,0.41852874
15084,0.4340738
15088,0.62945145
15092,0.4352603
15095,0.36872432
15097,0.3981198
15098,0.33652288
15115,0.44303635
15120,0.62945145
15126,0.310329
15133,0.4352603
15143,0.40962017
15156,0.72294575
15164,0.43274617
15178,0.41914028
15198,0.675705
15200,0.44002536
15208,0.06610665
15214,0.44265097
15218,0.4151147
15231,0.36766106
15238,0.36178073
15239,0.35718486
15240,0.3608709
15249,0.41547322
15256,0.36380348
15260,0.41730532
15290,0.64005184
15307,0.62945145
15308,0.43401802
15321,0.43152857
15323,0.44087315
15325,0.40567
15342,0.56897146
15346,0.39652947
15349,0.42337507
15354,0.40007818
15362,0.42378187
15379,0.44265097
15383,0.43460256
15394,0.32226524
15401,0.45544845
15405,0.3879035
15407,0.38250393
15412,0.435293
15413,0.4088843
15415,0.44041023
15427,0.44075
15430,0.41336024
15436,0.40711895
15439,0.40850168
15443,0.56757575
15444,0.4304176
15445,0.64005184
15450,0.38156042
15456,0.62945145
15465,0.5801325
15466,0.46548265
15470,0.41697094
15474,0.4340738
15476,0.35466677
15482,0.44265097
15492,0.5801325
15510,0.43127033
15519,0.41844788
15523,0.24797966
15535,0.41534486
15561,0.6397795
15564,0.4345131
15566,0.41679195
15579,0.3449556
15580,0.41743743
15581,0.38129953
15587,0.4247881
15589,0.4209052
15591,0.40312555
15597,0.37390497
15620,0.45544845
15627,0.40584162
15636,0.5787462
15653,0.37913716
15662,0.6397795
15664,0.45229283
15666,0.42248136
15667,0.34090677
15674,0.41727293
15692,0.40791574
15715,0.34478518
15736,0.42677954
15744,0.4134078
15746,0.35487267
15758,0.4115818
15760,0.4376061
15766,0.4139729
15767,0.36387095
15789,0.62702376
15810,0.46102956
15818,0.42950284
15820,0.29331487
15830,0.39215222
15844,0.32715008
15850,0.22908463
15857,0.42378187
15863,0.6537535
15869,0.41991696
15872,0.33127937
15873,0.3079662
15884,0.4393461
15885,0.39912382
15891,0.4259879
15898,0.42337507
15900,0.37975332
15932,0.4520714
15940,0.4126697
15944,0.40596208
15945,0.37764713
15963,0.45318556
15970,0.35154548
15977,0.5801325
15982,0.3143159
15985,0.4255999
15995,0.41344276
16004,0.39361605
16005,0.6165312
16011,0.44265097
16019,0.6397795
16021,0.34390357
16051,0.62945145
16065,0.6270061
16066,0.40256655
16076,0.62728244
16091,0.40113893
16094,0.6397795
16101,0.4426182
16104,0.62702376
16113,0.62728244
16114,0.43524083
16115,0.6165312
16127,0.41584036
16128,0.35286716
16138,0.3905477
16139,0.63997775
16142,0.36380005
16144,0.38552862
16148,0.435293
16151,0.3687028
16156,0.42422122
16165,0.42609167
16166,0.31121162
16179,0.4352603
16193,0.41356537
16196,0.3020729
16198,0.42378187
16210,0.42462897
16232,0.6390629
16237,0.46617538
16240,0.38412097
16252,0.435293
16259,0.35379666
16262,0.64005184
16263,0.3597394
16270,0.64005184
16272,0.4231018
16290,0.4019665
16295,0.675705
16297,0.4072328
16299,0.34597832
16300,0.42377922
16302,0.4135217
16303,0.3985657
16305,0.4426182
16309,0.4247881
16312,0.39327472
16320,0.5750744
16326,0.42938465
16327,0.38805085
16338,0.4126697
16342,0.35049838
16346,0.38953337
16348,0.38850754
16355,0.38185015
16356,0.38080877
16378,0.4426182
16382,0.40661055
16391,0.38317466
16392,0.4225293
16395,0.62945145
16399,0.42378187
16403,0.40780625
16408,0.3741169
16413,0.43085414
16415,0.44265097
16417,0.44296312
16420,0.36901298
16431,0.3800389
16439,0.43247283
16444,0.43595383
16446,0.10856996
16451,0.3892169
16454,0.3241635
16461,0.43919617
16462,0.4199492
16469,0.3988855
16484,0.3873078
16486,0.40814415
16487,0.34294772
16491,0.45645136
16494,0.45154393
16507,0.6389219
16508,0.4597353
16519,0.37978518
16523,0.38152707
16526,0.56977594
16530,0.379745
16532,0.44265097
16542,0.4431193
16550,0.435293
16555,0.4266223
16558,0.41364932
16567,0.4412726
16576,0.41534486
16579,0.44315207
16595,0.45544845
16598,0.3388284
16600,0.3303553
16604,0.54675347
16605,0.6485738
16607,0.42095265
16610,0.40405136
16612,0.5834538
16617,0.43627313
16625,0.4204344
16632,0.65962
16634,0.5775997
16650,0.3955578
16654,0.41939014
16655,0.42609373
16656,0.40098447
16657,0.39558557
16660,0.3933504
16662,0.74086195
16669,0.3967267
16675,0.46359578
16676,0.420924
16678,0.35636935
16679,0.42337507
16693,0.33463356
16701,0.37165767
16715,0.39390954
16722,0.44077364
16724,0.40111816
16727,0.4231579
16735,0.41271394
16741,0.43637902
16752,0.31028467
16758,0.5094179
16765,0.4151162
16771,0.35079703
16785,0.1960491
16793,0.41496694
16800,0.5013529
16805,0.35058972
16809,0.31281912
16820,0.4426182
16827,0.4339023
16830,0.37009713
16843,0.6442548
16847,0.46136975
16855,0.55042064
16860,0.39343977
16862,0.49241143
16863,0.36918324
16872,0.28730896
16874,0.2997189
16876,0.42337507
16893,0.39530885
16895,0.57956505
16914,0.6367055
16917,0.37622488
16926,0.3802179
16930,0.39578068
16931,0.34820113
16932,0.3995215
16934,0.4437012
16937,0.42530885
16941,0.3633513
16942,0.75654477
16957,0.422845
16962,0.41691083
16967,0.4352603
16968,0.6494659
16972,0.4552134
16974,0.3575595
16984,0.40768865
16987,0.41253304
16994,0.5337066
16995,0.42677954
16999,0.3609546
17034,0.39933604
17038,0.4205752
17040,0.32770044
17050,0.32591206
17068,0.33315283
17077,0.3770666
17079,0.4052831
17082,0.42188373
17085,0.45549852
17087,0.38844666
17099,0.46401727
17105,0.34903213
17108,0.43274617
17110,0.46068218
17111,0.41693106
17123,0.570696
17124,0.44555658
17130,0.43404108
17138,0.36894006
17143,0.5624916
17157,0.4211601
17160,0.41015363
17166,0.4193214
17167,0.44081983
17179,0.57034963
17180,0.41673124
17189,0.34437343
17197,0.5708473
17219,0.40299708
17223,0.44265097
17225,0.42440245
17229,0.40234414
17234,0.41443408
17235,0.4426182
17239,0.42337507
17242,0.4090759
17243,0.4247881
17246,0.4523827
17247,0.35357523
17255,0.46401727
17258,0.5719316
17260,0.5860128
17264,0.3724735
17270,0.45154393
17271,0.45544845
17272,0.42354253
17285,0.39494243
17294,0.40027705
17297,0.4007258
17298,0.3539953
17299,0.40802765
17306,0.43404108
17324,0.34755364
17326,0.40111816
17330,0.41080424
17345,0.3361631
17351,0.40746927
17352,0.3634092
17372,0.43701646
17381,0.37109974
17385,0.37717474
17388,0.37834412
17390,0.41727293
17392,0.41015363
17399,0.4340738
17404,0.3816607
17407,0.3944985
17408,0.7096981
17416,0.4088843
17418,0.37589613
17434,0.6405147
17438,0.47956684
17443,0.7289541
17444,0.4028189
17453,0.64230156
17460,0.40061963
17467,0.36050704
17480,0.3134282
17488,0.5346132
17490,0.477886
17493,0.4031931
17498,0.36033398
17503,0.41015363
17513,0.41115364
17520,0.5398757
17525,0.44315207
17534,0.33907428
17545,0.4297288
17553,0.42337507
17554,0.41155708
17557,0.40250292
17563,0.4503186
17576,0.40911427
17577,0.3866901
17580,0.4165263
17582,0.40055627
17596,0.46592718
17597,0.42378187
17602,0.5713057
17614,0.42187908
17623,0.37697673
17624,0.3964838
17627,0.41015363
17628,0.3733612
17630,0.40601227
17634,0.6983856
17640,0.3843692
17652,0.42516452
17657,0.43404108
17661,0.43630585
17662,0.40853128
17666,0.35449505
17682,0.4705046
17688,0.64855266
17693,0.40505123
17705,0.42603973
17711,0.4255999
17715,0.3591841
17717,0.41534486
17721,0.4322217
17728,0.19806996
17737,0.38911808
17745,0.37174746
17755,0.40980187
17764,0.41550076
17774,0.403479
17785,0.30490503
17786,0.40568623
17789,0.41258374
17802,0.34079224
17810,0.43630585
17819,0.49190712
17825,0.42098844
17828,0.33490345
17833,0.4237317
17841,0.44002536
17842,0.4255999
17844,0.38696948
17849,0.3919388
17855,0.4255999
17857,0.43953648
17861,0.34742734
17863,0.40458474
17868,0.37160596
17876,0.4387853
17882,0.38729548
17885,0.3731639
17893,0.41534486
17894,0.33746338
17902,0.43558764
17906,0.37116125
17911,0.5523051
17917,0.38054743
17921,0.44199738
17941,0.41967922
17945,0.37892067
17949,0.44265097
17954,0.3860868
17957,0.40848067
17958,0.3677244
17960,0.40097678
17985,0.44265097
18000,0.5275589
18002,0.44306922
18008,0.28394735
18014,0.45358586
18015,0.5608723
18019,0.43627313
18021,0.4298921
18026,0.4476419
18029,0.36437058
18034,0.43940896
18035,0.35713226
18036,0.5534038
18039,0.58308333
18066,0.42662987
18076,0.4255999
18089,0.4431193
18104,0.44303635
18110,0.42337507
18129,0.4437749
18131,0.44315207
18133,0.40839168
18136,0.34239864
18148,0.43456256
18152,0.05865866
18167,0.4124459
18177,0.40597427
18178,0.37996215
18183,0.3967267
18194,0.41730532
18197,0.6302011
18213,0.29439282
18214,0.28991845
18221,0.2897172
18227,0.2899407
18239,0.7535297
18245,0.44265097
18266,0.43630585
18267,0.6214455
18274,0.28342068
18283,0.41538405
18297,0.32151327
18302,0.42050183
18303,0.4665227
18315,0.42337507
18324,0.31889924
18326,0.4425514
18334,0.4051634
18336,0.36792165
18344,0.40394112
18346,0.4239568
18347,0.44037262
18350,0.3892169
18352,0.41015363
18364,0.417909
18366,0.40142545
18373,0.4464997
18391,0.4208902
18393,0.3858656
18395,0.39712432
18400,0.43401802
18408,0.40312555
18421,0.38922378
18425,0.42047676
18443,0.31841075
18451,0.39206517
18456,0.43415472
18458,0.37928465
18460,0.32952672
18467,0.56758064
18468,0.4247881
18475,0.48303133
18485,0.27644482
18494,0.46136975
18495,0.57559335
18508,0.401815
18530,0.39686775
18533,0.38926524
18547,0.39252317
18548,0.37002277
18553,0.3498204
18561,0.3873447
18565,0.62617457
18572,0.36776087
18593,0.33951852
18600,0.4412178
18621,0.40274492
18629,0.5374986
18637,0.3852021
18649,0.3827091
18653,0.4171569
18660,0.3166765
18671,0.4192932
18672,0.27848107
18677,0.43146348
18681,0.64279467
18684,0.7237251
18686,0.46401727
18689,0.3733974
18690,0.42104766
18709,0.40093622
18716,0.6353688
18723,0.36705726
18773,0.41329077
18782,0.422845
18797,0.74879116
18810,0.35419053
18817,0.4546398
18820,0.6633852
18825,0.34881938
18837,0.3939974
18850,0.42589274
18857,0.53274137
18861,0.5969673
18867,0.42378187
18870,0.37438622
18877,0.34132507
18887,0.44565505
18898,0.40800512
18900,0.40093678
18914,0.3943473
18921,0.64392924
18922,0.4208902
18945,0.43705472
18947,0.42210928
18953,0.3699631
18954,0.36992547
18957,0.44265097
18960,0.44072357
18973,0.306516
18983,0.6169408
18990,0.41112074
18991,0.44267538
18993,0.3733612
18995,0.44071722
18996,0.39545056
19003,0.39691356
19014,0.4245907
19015,0.4199492
19019,0.4336558
19028,0.45991674
19038,0.626064
19040,0.5860128
19046,0.35167253
19051,0.34496546
19054,0.7268098
19056,0.4177324
19074,0.35272408
19085,0.44265097
19099,0.5894865
19124,0.43404108
19134,0.4352603
19141,0.25832015
19146,0.4426182
19150,0.37855706
19170,0.3528438
19176,0.37828323
19187,0.4429149
19189,0.41675028
19202,0.41761878
19208,0.41161865
19209,0.3521389
19210,0.64401466
19216,0.41062537
19217,0.41401285
19218,0.42654908
19223,0.45058754
19240,0.32235077
19246,0.4249842
19269,0.41590008
19275,0.44265097
19287,0.38860166
19298,0.40973318
19303,0.37240967
19313,0.4195461
19325,0.3389522
19326,0.36166248
19328,0.4255999
19330,0.41332224
19340,0.42495933
19342,0.40098447
19343,0.40528005
19344,0.42677954
19363,0.33954224
19364,0.41872594
19371,0.2677035
19376,0.4340738
19377,0.354827
19381,0.4546247
19384,0.52934307
19390,0.5527431
19402,0.3955578
19405,0.3804171
19409,0.38577813
19418,0.44315207
19429,0.5998953
19446,0.44899243
19458,0.44081983
19460,0.4040313
19462,0.44062454
19465,0.40470326
19472,0.46738586
19480,0.3720192
19503,0.4345178
19507,0.4431854
19517,0.36315614
19533,0.45088175
19537,0.42626974
19541,0.39941165
19563,0.45234978
19566,0.6189115
19568,0.66260374
19576,0.4199492
19591,0.41699392
19597,0.6218967
19619,0.42039528
19622,0.5903031
19623,0.43217742
19624,0.36649266
19627,0.43958908
19629,0.43267706
19633,0.42378187
19639,0.31630677
19641,0.33859056
19643,0.3922016
19649,0.4403559
19652,0.6366668
19657,0.38676706
19660,0.396696
19668,0.66368324
19678,0.4072328
19686,0.4505546
19690,0.37542537
19694,0.4291919
19695,0.38953337
19702,0.46401727
19712,0.61734354
19720,0.5614949
19735,0.42080176
19739,0.35275972
19740,0.56942946
19743,0.37788814
19750,0.38018265
19752,0.40644205
19754,0.3955578
19762,0.65969545
19770,0.33411428
19775,0.4139773
19777,0.40576023
19782,0.37235203
19783,0.5703271
19786,0.4255999
19805,0.39101997
19808,0.48013288
19819,0.42237443
19821,0.32326606
19827,0.42494267
19830,0.43264446
19832,0.41209877
19833,0.42773622
19834,0.37590247
19843,0.39910343
19844,0.2904605
19846,0.30182293
19847,0.32545796
19850,0.6538819
19851,0.33412862
19861,0.46210673
19873,0.6123405
19878,0.35865465
19886,0.39449793
19892,0.39545056
19901,0.36359885
19902,0.63961643
19920,0.42187908
19921,0.35549614
19922,0.34682724
19929,0.66368324
19932,0.6377427
19935,0.37927896
19936,0.43188947
19946,0.62901336
19950,0.7495404
19952,0.42005268
19955,0.62873775
19976,0.4426182
19983,0.31840906
19987,0.34139583
19991,0.5361037
19996,0.40335682
20007,0.56565547
20015,0.3647593
20019,0.37056744
20023,0.44483942
20034,0.4072328
20036,0.3393973
20038,0.42386538
20039,0.40562782
20040,0.38293856
20045,0.6377427
20046,0.40417832
20048,0.4255999
20060,0.5776369
20068,0.24805205
20074,0.6236772
20111,0.41674796
20117,0.4114156
20125,0.34253532
20129,0.4199265
20134,0.2931123
20135,0.28372565
20139,0.39781836
20142,0.62873775
20147,0.3955907
20154,0.6499218
20157,0.3245449
20169,0.1869473
20179,0.32520902
20202,0.4924784
20207,0.56977594
20215,0.44906867
20216,0.67153245
20217,0.70189625
20218,0.6687867
20219,0.4139773
20226,0.37090483
20236,0.3464197
20239,0.33482805
20246,0.35577625
20247,0.46425486
20253,0.42396855
20255,0.26306373
20268,0.3408705
20270,0.6586784
20271,0.41556424
20279,0.5919788
20282,0.51450336
20295,0.37611252
20302,0.4614797
20305,0.43881837
20306,0.49635735
20308,0.3163554
20330,0.45687824
20335,0.6489712
20344,0.39930743
20349,0.6635985
20360,0.40617737
20362,0.4305451
20378,0.41379893
20394,0.34578893
20397,0.59073216
20403,0.43401802
20405,0.38615915
20415,0.401815
20417,0.409891
20420,0.3865815
20425,0.65394026
20430,0.6722151
20435,0.40418437
20443,0.379663
20446,0.6687867
20458,0.4255999
20459,0.44306922
20467,0.40417832
20470,0.62173605
20482,0.48868838
20489,0.4426182
20495,0.3646669
20496,0.422845
20497,0.4431193
20505,0.5776369
20509,0.6262109
20535,0.4194095
20539,0.63058925
20544,0.44036984
20547,0.41115364
20556,0.19370289
20557,0.42337507
20575,0.38953337
20577,0.43630585
20596,0.39586088
20597,0.4650353
20602,0.38953337
20603,0.38371646
20609,0.65394026
20618,0.38862687
20621,0.4403559
20628,0.25167662
20634,0.6655687
20637,0.41035596
20641,0.40576443
20642,0.5225985
20647,0.43361005
20655,0.41800475
20656,0.32738152
20661,0.34019345
20664,0.6281935
20674,0.62873775
20679,0.4179378
20680,0.4072328
20683,0.62207204
20687,0.40357274
20688,0.5438677
20695,0.4188108
20696,0.38202617
20699,0.3471134
20701,0.33386222
20702,0.4223456
20704,0.293397
20721,0.38589463
20725,0.36388546
20731,0.40973318
20741,0.45162532
20742,0.3800243
20753,0.44553643
20756,0.40539828
20769,0.29725996
20771,0.38325027
20774,0.41118413
20777,0.3907823
20781,0.45544845
20797,0.4255999
20808,0.38604322
20810,0.40425795
20820,0.18575983
20823,0.69019693
20829,0.45190844
20832,0.4219812
20833,0.38320202
20837,0.3551207
20838,0.41784078
20839,0.35242057
20847,0.45154393
20861,0.34779027
20869,0.6695406
20875,0.31705675
20877,0.6365317
20889,0.3698306
20894,0.4210002
20901,0.40546113
20919,0.46401727
20923,0.3843612
20935,0.44864854
20937,0.34997308
20939,0.6205619
20940,0.40096685
20943,0.34242627
20946,0.41227823
20950,0.39843395
20961,0.7405066
20965,0.39065456
20967,0.7493184
20969,0.43368852
20970,0.41737965
20975,0.45544845
20987,0.35285166
20995,0.44044298
20998,0.64401466
21002,0.33432385
21012,0.46383336
21013,0.53069866
21015,0.3467849
21017,0.44261876
21020,0.34565723
21028,0.4052873
21031,0.42378187
21036,0.3294548
21040,0.36590415
21048,0.4503186
21049,0.37134174
21051,0.42378187
21070,0.4028189
21072,0.44299597
21079,0.38953337
21090,0.41045988
21093,0.42378187
21104,0.34802097
21114,0.39443797
21117,0.4537507
21120,0.3593127
21121,0.3785508
21132,0.29971096
21136,0.41679195
21139,0.4850068
21140,0.41829658
21146,0.40326652
21150,0.3734797
21178,0.7289541
21180,0.6157183
21198,0.43311125
21203,0.4628423
21210,0.45544845
21218,0.42238125
21220,0.42937508
21222,0.28938657
21228,0.7405066
21236,0.4314269
21239,0.34516105
21260,0.4255999
21267,0.45839357
21271,0.3407875
21279,0.44265097
21286,0.37321907
21288,0.43128526
21294,0.4177324
21298,0.3410903
21299,0.4221906
21300,0.46383336
21304,0.3780238
21307,0.44768533
21309,0.28529778
21311,0.44075
21331,0.31171829
21332,0.7145161
21342,0.42023954
21345,0.4255999
21348,0.72309446
21353,0.42337507
21357,0.4426182
21369,0.37245145
21370,0.60416573
21371,0.4345131
21373,0.15512833
21385,0.41692394
21392,0.5002458
21401,0.5567701
21403,0.42279482
21406,0.6412958
21413,0.75318605
21414,0.75318605
21416,0.7289541
21423,0.5563136
21442,0.44643456
21443,0.4223456
21448,0.4115414
21459,0.4199265
21467,0.4286695
21474,0.39449793
21484,0.64576936
21488,0.40924805
21495,0.35474938
21498,0.41705137
21502,0.41991565
21503,0.41869617
21510,0.39229307
21516,0.62113094
21533,0.64826876
21535,0.42337507
21539,0.46359578
21541,0.39899865
21544,0.4123566
21554,0.42464632
21569,0.40280697
21572,0.56942946
21578,0.4255999
21580,0.39190483
21584,0.34910432
21589,0.6438798
21595,0.3733612
21598,0.3734604
21599,0.30238524
21606,0.40055627
21623,0.40319863
21639,0.43264446
21641,0.38505644
21645,0.37833402
21647,0.38750064
21648,0.38650358
21657,0.40617338
21671,0.3968961
21673,0.4261894
21678,0.3913885
21696,0.43630585
21699,0.38015375
21700,0.3498204
21703,0.4241188
21710,0.42337507
21721,0.44328886
21727,0.29811642
21728,0.44643456
21731,0.41534486
21741,0.39768115
21744,0.42337507
21748,0.37594837
21753,0.38339326
21756,0.5822443
21763,0.42194843
21767,0.4389451
21772,0.6551976
21774,0.3091785
21775,0.4247881
21780,0.47729638
21787,0.3956901
21805,0.3873145
21828,0.41584036
21831,0.36636814
21837,0.34650767
21842,0.4107772
21849,0.3593302
21856,0.41889253
21858,0.4291919
21862,0.3912722
21864,0.3402442
21867,0.4297288
21879,0.40066257
21881,0.3956901
21883,0.38212916
21891,0.37933418
21892,0.45544845
21902,0.4470921
21909,0.39632767
21914,0.46425486
21918,0.3264892
21919,0.35043332
21926,0.5049767
21930,0.4195461
21934,0.4356204
21940,0.40451765
21945,0.40885827
21948,0.6026208
21953,0.33677736
21954,0.42418414
21956,0.42802656
21963,0.4311414
21970,0.41253304
21984,0.33648604
21997,0.41034767
21999,0.41591018
22001,0.36937526
22002,0.40806243
22010,0.33871973
22013,0.35121262
22022,0.37966347
22024,0.35348275
22028,0.35479552
22029,0.6076176
22045,0.34631506
22049,0.4227077
22064,0.43044868
22069,0.3647593
22074,0.42191616
22082,0.37547678
22084,0.44805893
22090,0.69243515
22096,0.5094179
22100,0.3597027
22105,0.33329538
22119,0.42337507
22130,0.35117257
22152,0.44894207
22155,0.44928956
22164,0.31768915
22173,0.4247881
22194,0.38838288
22209,0.37400815
22217,0.35715768
22220,0.45544845
22222,0.659878
22244,0.29465315
22245,0.3978551
22250,0.41679195
22256,0.6633852
22261,0.62928253
22264,0.4050176
22270,0.41015363
22279,0.5882406
22280,0.3495065
22284,0.35325998
22288,0.40801126
22293,0.42411804
22297,0.6349162
22307,0.4296828
22310,0.34828508
22319,0.43811673
22324,0.3501117
22326,0.413518
22327,0.3394316
22329,0.39775196
22331,0.45358586
22340,0.62053317
22342,0.37734872
22347,0.4252011
22351,0.41660127
22357,0.36649266
22361,0.41744712
22371,0.39455402
22373,0.50368065
22391,0.48398286
22404,0.4291919
22409,0.435293
22411,0.41534486
22428,0.3902458
22436,0.38259813
22444,0.44755885
22445,0.3881381
22451,0.3706906
22463,0.33550695
22464,0.3334868
22467,0.7096981
22472,0.40280697
22485,0.66820145
22497,0.42871892
22504,0.75336355
22508,0.38953337
22516,0.36652315
22522,0.30477005
22527,0.41837642
22543,0.45544845
22549,0.36773726
22551,0.435293
22557,0.41134596
22562,0.32829565
22567,0.37363628
22572,0.42337507
22575,0.37228423
22578,0.44320685
22579,0.40695345
22580,0.3625596
22581,0.37075922
22591,0.44132766
22593,0.30003425
22597,0.3476084
22600,0.6687867
22602,0.42305592
22603,0.41679195
22616,0.484805
22617,0.403985
22622,0.2651745
22623,0.41022375
22624,0.43480825
22628,0.41679195
22640,0.38788083
22641,0.36986881
22653,0.41015363
22660,0.41362917
22672,0.4305451
22674,0.40736663
22689,0.4086065
22698,0.3548499
22705,0.38201606
22709,0.63912266
22711,0.38569826
22714,0.5525413
22715,0.41653585
22729,0.47967356
22730,0.42028362
22733,0.40091026
22750,0.22349635
22754,0.43271348
22756,0.42736995
22758,0.4589871
22767,0.4451632
22768,0.33080274
22769,0.42418414
22776,0.4403559
22778,0.3684918
22780,0.4894593
22789,0.44265097
22797,0.45149767
22799,0.43667468
22814,0.38604322
22818,0.4085227
22821,0.4388226
22823,0.4404054
22841,0.24451354
22847,0.39330253
22848,0.4029715
22862,0.37452784
22875,0.6632346
22877,0.4997886
22887,0.4096425
22892,0.43026137
22899,0.4286695
22901,0.39727172
22907,0.4255999
22909,0.62945145
22926,0.36471656
22927,0.3652748
22930,0.38026562
22934,0.41443408
22937,0.38454768
22939,0.56897146
22949,0.35478857
22951,0.6397795
22955,0.3291516
22965,0.6165312
22966,0.6179727
22968,0.5787462
22972,0.6165312
22975,0.6165312
22981,0.4011473
22988,0.6165312
22994,0.36136648
22996,0.62945145
23011,0.57620996
23028,0.62728244
23031,0.34352964
23035,0.3132824
23038,0.64005184
23042,0.5787462
23049,0.431754
23051,0.6270061
23053,0.29637742
23057,0.64005184
23058,0.6397795
23063,0.38233423
23064,0.3733612
23067,0.45420605
23071,0.41534486
23075,0.56387997
23077,0.6397795
23090,0.34860855
23094,0.6397795
23097,0.34485257
23103,0.39619404
23107,0.56757575
23117,0.33974433
23122,0.40728232
23124,0.37163195
23126,0.5750744
23129,0.5801325
23136,0.62728244
23141,0.3285287
23142,0.64005184
23147,0.34374174
23154,0.62945145
23159,0.4343686
23165,0.62945145
23171,0.56897146
23173,0.10754134
23175,0.35425723
23179,0.5650228
23182,0.64005184
23185,0.62593603
23188,0.3491451
23189,0.36694804
23209,0.3517427
23214,0.5750744
23215,0.39681226
23233,0.42445892
23241,0.62627894
23252,0.4239568
23255,0.6179727
23263,0.3921828
23281,0.3478352
23282,0.42362714
23289,0.4426182
23292,0.44581816
23296,0.3934422
23297,0.4195108
23301,0.36720517
23302,0.64005184
23304,0.3854325
23309,0.44028854
23312,0.62728244
23316,0.36932757
23321,0.44036984
23342,0.36079097
23344,0.41140407
23350,0.42870212
23367,0.62728244
23368,0.388584
23374,0.3429361
23387,0.4246549
23389,0.56387997
23399,0.43404108
23403,0.39545158
23406,0.6165312
23414,0.43627313
23415,0.33608767
23419,0.62945145
23436,0.41336024
23439,0.62945145
23444,0.6270061
23445,0.3507133
23455,0.4254356
23469,0.3404517
23472,0.38008353
23477,0.38453144
23478,0.62728244
23479,0.4086478
23487,0.35771546
23490,0.3848601
23491,0.44265097
23492,0.44309515
23494,0.4737728
23496,0.4179378
23497,0.4053733
23506,0.41308713
23515,0.42698404
23528,0.30778703
23532,0.39713454
23549,0.3092411
23551,0.4243133
23552,0.42362714
23555,0.36321786
23556,0.35478857
23564,0.62945145
23583,0.42182866
23592,0.56897146
23597,0.5801325
23601,0.4003168
23605,0.5801325
23615,0.40278217
23619,0.40554512
23621,0.63997775
23626,0.6270061
23635,0.6397795
23637,0.40680125
23640,0.34227788
23646,0.4518467
23655,0.34490356
23672,0.41755006
23673,0.41473925
23682,0.3770666
23683,0.6270061
23699,0.3682529
23704,0.57620996
23707,0.62593603
23713,0.43878624
23714,0.4064783
23716,0.56897146
23718,0.56757575
23721,0.35561147
23735,0.40791124
23737,0.42596146
23744,0.42326686
23749,0.62945145
23755,0.4436051
23769,0.6397795
23772,0.6179727
23773,0.14153151
23774,0.62945145
23779,0.318232
23782,0.62945145
23793,0.62945145
23803,0.5801325
23828,0.5787462
23833,0.63997775
23834,0.43260947
23844,0.3629311
23845,0.64005184
23852,0.43665373
23855,0.6245719
23867,0.36766145
23872,0.623641
23874,0.6270061
23880,0.28567114
23886,0.3956628
23898,0.41155708
23900,0.3440008
23903,0.28518248
23907,0.44727954
23908,0.44075
23912,0.29852095
23916,0.4203629
23917,0.6179727
23918,0.35745066
23922,0.42440245
23928,0.4150274
23940,0.5801325
23944,0.39982688
23945,0.5801325
23951,0.349951
23966,0.44123977
23970,0.44002536
23971,0.42337507
23976,0.5787462
23980,0.39449793
23987,0.62945145
23988,0.39866573
23993,0.38881925
23997,0.4214134
23998,0.3241635
23999,0.56757575
24010,0.6397795
24015,0.62945145
24023,0.35097215
24033,0.39990503
24046,0.62945145
24060,0.3924166
24062,0.43637902
24065,0.5787462
24070,0.6270061
24071,0.26205015
24073,0.4460593
24079,0.3355245
24082,0.5801325
24084,0.4157407
24089,0.37973967
24094,0.3640603
24100,0.38911808
24105,0.39839992
24106,0.35447532
24108,0.64005184
24111,0.62593603
24120,0.46641314
24125,0.38464165
24134,0.62945145
24140,0.4255999
24151,0.4255999
24153,0.31274596
24154,0.62728244
24161,0.3668937
24166,0.33516935
24170,0.5750744
24176,0.41345593
24182,0.6397795
24188,0.3492568
24190,0.36937526
24201,0.63738054
24211,0.4014202
24215,0.62945145
24216,0.5801325
24219,0.38238817
24222,0.5775985
24240,0.6397795
24243,0.41480336
24245,0.3424435
24251,0.30468178
24256,0.6179727
24258,0.44071856
24261,0.4430796
24263,0.3860597
24264,0.39600894
24266,0.4101737
24273,0.41562483
24278,0.4104965
24289,0.63738054
24292,0.377087
24293,0.40280697
24298,0.6397795
24299,0.43641174
24303,0.56757575
24304,0.4255999
24305,0.3892169
24329,0.4031931
24341,0.40505123
24345,0.64005184
24353,0.41112074
24358,0.62945145
24364,0.5525356
24367,0.4850068
24370,0.5699273
24377,0.417792
24380,0.38475695
24381,0.39554763
24387,0.36109623
24391,0.403518
24409,0.62945145
24413,0.39149073
24416,0.36041585
24427,0.6690459
24439,0.29528856
24443,0.39796472
24448,0.39304152
24454,0.62728244
24455,0.38866708
24461,0.43627313
24464,0.43468985
24468,0.33608767
24469,0.44315207
24501,0.40111816
24508,0.40902027
24519,0.41276214
24520,0.6165312
24538,0.6364629
24540,0.62945145
24550,0.37351176
24552,0.41673124
24561,0.4348427
24577,0.62945145
24579,0.44856957
24580,0.40839168
24582,0.39182454
24591,0.42028362
24592,0.38797
24599,0.40817288
24602,0.32119638
24606,0.40612668
24617,0.4352603
24619,0.42023954
24630,0.26340628
24633,0.64005184
24634,0.4541363
24638,0.38726124
24641,0.40912196
24644,0.45197114
24645,0.62945145
24656,0.42368317
24661,0.38704795
24663,0.62945145
24667,0.40685022
24669,0.6165312
24682,0.4247881
24698,0.40808713
24699,0.5787462
24702,0.43127033
24703,0.62945145
24717,0.3935441
24724,0.62945145
24731,0.3978363
24737,0.43145958
24740,0.4426182
24743,0.44265097
24744,0.6397795
24755,0.62945145
24757,0.41638768
24765,0.56897146
24766,0.3546563
24776,0.64005184
24787,0.64005184
24789,0.44335613
24791,0.19721155
24792,0.46247646
24804,0.12443368
24812,0.40680125
24816,0.44306922
24817,0.44002536
24820,0.4403282
24828,0.4593471
24832,0.42014918
24836,0.44299597
24842,0.6397795
24846,0.4565127
24847,0.40233943
24848,0.64005184
24851,0.62945145
24855,0.63738054
24856,0.4255929
24871,0.62945145
24874,0.44044298
24877,0.39627263
24889,0.37772745
24897,0.49315673
24899,0.62945145
24908,0.41571894
24913,0.62728244
24923,0.42098844
24933,0.41186276
24971,0.38818374
24973,0.6397795
24993,0.62945145
24998,0.6165312
25000,0.6397795
25001,0.62945145
25002,0.3873447
25003,0.62945145
25009,0.36954063
25024,0.40649807
25026,0.43273056
25027,0.62728244
25034,0.42814052
25050,0.42394593
25057,0.33750084
25067,0.36673602
25075,0.41299063
25081,0.4086787
25085,0.40806863
25093,0.41066697
25097,0.42337507
25103,0.39039865
25104,0.7145161
25109,0.40574718
25112,0.4403559
25113,0.3673757
25114,0.484805
25119,0.43368852
25121,0.4390732
25122,0.50101715
25124,0.62945145
25131,0.39494243
25134,0.43904048
25144,0.435293
25147,0.6397795
25148,0.62945145
25149,0.4435678
25155,0.62945145
25169,0.45248938
25177,0.62627894
25178,0.40675092
25179,0.4202845
25180,0.6165312
25191,0.57620996
25199,0.42053065
25232,0.4403559
25241,0.4255999
25242,0.4426182
25243,0.4431193
25246,0.43641174
25259,0.6165312
25265,0.62945145
25278,0.64005184
25280,0.4340738
25284,0.41813773
25286,0.62945145
25288,0.4486592
25318,0.6397795
25330,0.5787462
25333,0.41834322
25339,0.3472502
25340,0.62728244
25346,0.359112
25349,0.62945145
25351,0.36124173
25361,0.56757575
25366,0.34420624
25368,0.5787462
25369,0.34276554
25370,0.62945145
25375,0.12615341
25376,0.64005184
25377,0.40226105
25379,0.38167274
25382,0.62945145
25386,0.64005184
25389,0.62945145
25399,0.42337507
25400,0.7535831
25401,0.44265097
25407,0.4376061
25409,0.43400875
25412,0.57515514
25416,0.41691083
25418,0.4322427
25423,0.3750312
25436,0.40142545
25439,0.3496627
25442,0.36725786
25445,0.64005184
25446,0.40695345
25453,0.3739204
25456,0.6397795
25458,0.62593603
25460,0.41744712
25461,0.41679195
25468,0.4355261
25470,0.35452208
25471,0.46326986
25482,0.42338952
25501,0.6270061
25504,0.61296856
25515,0.38850754
25518,0.45248938
25528,0.4305962
25533,0.4394415
25543,0.4083849
25548,0.42433134
25564,0.42028362
25572,0.6397795
25576,0.35233468
25577,0.62945145
25587,0.30703047
25591,0.4726527
25596,0.43271348
25598,0.44265097
25617,0.35799545
25618,0.62945145
25620,0.44033706
25623,0.3974414
25626,0.41362917
25628,0.41679195
25633,0.5801325
25637,0.39499673
25644,0.45616123
25662,0.3800389
25663,0.6190131
25673,0.41550076
25678,0.4008841
25685,0.3955578
25691,0.4643199
25706,0.4355261
25707,0.411856
25723,0.42812923
25725,0.39493287
25735,0.623641
25740,0.38804203
25759,0.4028189
25761,0.4377782
25769,0.31683126
25774,0.44265097
25779,0.5801325
25781,0.42337507
25784,0.6272072
25790,0.5750744
25796,0.40576443
25816,0.4290374
25847,0.41357124
25850,0.41694316
25852,0.41775852
25856,0.3597027
25866,0.4247881
25867,0.62945145
25868,0.39545056
25869,0.62945145
25877,0.7489708
25878,0.4062648
25890,0.64005184
25898,0.62945145
25899,0.39865944
25906,0.6390629
25907,0.64005184
25915,0.5801325
25932,0.62945145
25939,0.42205864
25946,0.6397795
25951,0.6179727
25959,0.5801325
25961,0.342245
25964,0.6397795
25969,0.3700636
25980,0.39626342
25986,0.4475235
25992,0.3714261
25998,0.44315207
26000,0.5787462
26006,0.4123566
26009,0.43881837
26016,0.657348
26023,0.6162726
26038,0.6397795
26041,0.44265097
26050,0.44349712
26051,0.6397795
26057,0.4266824
26060,0.21101624
26062,0.48556346
26067,0.62945145
26068,0.42326686
26072,0.4291919
26074,0.4470921
26075,0.32377073
26081,0.62945145
26108,0.62945145
26112,0.6165312
26113,0.39691356
26115,0.44906783
26122,0.42437178
26139,0.2868702
26162,0.5787462
26165,0.41458172
26173,0.3995215
26177,0.56757575
26179,0.3431981
26184,0.2651745
26190,0.39455238
26204,0.41260192
26205,0.0658546
26212,0.43904048
26215,0.3697779
26227,0.42362714
26232,0.6397795
26237,0.64005184
26246,0.42485633
26248,0.6397795
26249,0.42337507
26260,0.62702376
26263,0.42011696
26267,0.63997775
26269,0.42337507
26271,0.62945145
26273,0.39394516
26286,0.5801325
26297,0.44265097
26309,0.39768115
26313,0.402104
26319,0.42812923
26329,0.43630585
26330,0.64005184
26333,0.4247881
26361,0.6451197
26366,0.69262564
26376,0.6959149
26378,0.60531825
26382,0.4189404
26389,0.42378187
26391,0.4773677
26401,0.43733758
26415,0.4038328
26419,0.435293
26421,0.6397795
26422,0.42736995
26423,0.5801325
26424,0.5750744
26441,0.4499882
26442,0.4291919
26446,0.46312362
26447,0.34377044
26448,0.39229104
26451,0.41534486
26459,0.44361758
26465,0.34705797
26476,0.42378187
26481,0.41813773
26487,0.5787462
26501,0.43641174
26513,0.64005184
26517,0.45058754
26527,0.62945145
26534,0.62945145
26535,0.62945145
26545,0.36281568
26550,0.48342428
26558,0.44075167
26571,0.64005184
26573,0.6397795
26575,0.38856158
26578,0.5801325
26583,0.6270061
26590,0.3692242
26593,0.43368852
26602,0.40718663
26606,0.42761904
26613,0.62945145
26615,0.42555282
26618,0.39703998
26628,0.6397795
26630,0.43641174
26635,0.4448892
26645,0.40463242
26648,0.3921132
26651,0.33322996
26660,0.42102906
26663,0.42136115
26664,0.4195461
26665,0.38552356
26673,0.4431193
26675,0.37459016
26676,0.45248166
26677,0.41161865
26679,0.5543114
26687,0.5445349
26689,0.63711727
26697,0.5032565
26737,0.6397795
26747,0.6397795
26748,0.4225293
26749,0.48330635
26754,0.5750744
26759,0.41336024
26760,0.63997775
26765,0.41156128
26769,0.42039528
26771,0.34315798
26776,0.41221556
26778,0.4505546
26780,0.40280697
26783,0.24787958
26785,0.43368852
26800,0.41922304
26804,0.44303635
26812,0.3669925
26816,0.29633248
26823,0.62945145
26834,0.62945145
26836,0.45425412
26841,0.39882168
26845,0.44933835
26849,0.4255999
26854,0.43999258
26858,0.42603973
26860,0.2600765
26866,0.36829334
26871,0.3055034
26873,0.64005184
26905,0.44077364
26907,0.4426182
26920,0.44002536
26924,0.20800906
26930,0.43267706
26942,0.4003168
26944,0.38662767
26949,0.64005184
26952,0.62945145
26956,0.45544845
26973,0.44265097
26977,0.4219812
26993,0.43999258
26997,0.43630585
26999,0.41366833
27021,0.39406833
27023,0.42420408
27025,0.08127634
27027,0.40673545
27032,0.64005184
27034,0.435293
27036,0.40070394
27045,0.34656075
27050,0.43630585
27051,0.39993265
27055,0.43062395
27056,0.41534486
27060,0.4255999
27061,0.6397795
27066,0.6165312
27070,0.32373112
27073,0.28734323
27077,0.42378187
27085,0.4266824
27086,0.40962017
27099,0.64005184
27105,0.62945145
27109,0.3538773
27125,0.42918593
27135,0.5801325
27139,0.3634802
27140,0.62728244
27141,0.38367572
27142,0.33558008
27144,0.37007597
27148,0.4255999
27154,0.45503014
27162,0.5801325
27175,0.39888677
27176,0.3930203
27178,0.4195461
27197,0.35564673
27204,0.34284103
27205,0.30934444
27206,0.26956138
27207,0.37700433
27216,0.3873761
27230,0.37884763
27234,0.435293
27241,0.4255999
27249,0.62945145
27251,0.4195461
27252,0.42659935
27256,0.6309068
27257,0.43870932
27263,0.4777781
27268,0.4255999
27269,0.3757735
27276,0.35618305
27279,0.6260985
27288,0.62945145
27295,0.44265097
27299,0.6270061
27302,0.36011598
27304,0.365786
27316,0.3954069
27318,0.36899602
27330,0.4255999
27333,0.4248298
27335,0.4002782
27339,0.37240967
27341,0.62627894
27342,0.3533296
27345,0.4352603
27347,0.40098447
27354,0.44930828
27361,0.32945397
27375,0.6245719
27387,0.62945145
27390,0.5787462
27392,0.64005184
27399,0.4340738
27403,0.39539164
27410,0.68806624
27423,0.43999258
27429,0.4222925
27432,0.46759132
27436,0.3907823
27437,0.47103703
27441,0.44002536
27444,0.42362714
27445,0.34544972
27448,0.4354106
27454,0.43091586
27459,0.41187003
27465,0.3558691
27478,0.5787462
27479,0.43566692
27481,0.6270061
27483,0.38867322
27486,0.37711453
27498,0.39666635
27505,0.39376765
27507,0.37240967
27509,0.37961763
27514,0.34647134
27527,0.62945145
27535,0.4218502
27544,0.44265097
27545,0.38989326
27556,0.4619009
27563,0.41534486
27569,0.40319863
27585,0.3895145
27589,0.33309552
27605,0.39334804
27608,0.62945145
27609,0.35433584
27611,0.39770028
27621,0.35916072
27626,0.5787462
27629,0.39768264
27645,0.62945145
27651,0.32724926
27654,0.42337507
27656,0.5787462
27663,0.5787462
27673,0.3838648
27677,0.38643822
27678,0.3220411
27680,0.41023794
27681,0.64005184
27684,0.41329324
27688,0.40105432
27706,0.3907823
27709,0.35783553
27720,0.38238817
27722,0.4153638
27733,0.43598655
27734,0.35359606
27739,0.358849
27746,0.6397795
27751,0.6397795
27755,0.41443408
27777,0.38475695
27783,0.30778703
27795,0.39890173
27805,0.3933901
27811,0.44077364
27815,0.43512112
27823,0.3835417
27856,0.4094627
27873,0.4255999
27883,0.39560676
27885,0.56757575
27887,0.57788765
27899,0.37459016
27921,0.41118413
27924,0.39894825
27927,0.38805085
27929,0.39802268
27932,0.36708882
27943,0.64005184
27945,0.6397795
27952,0.39532095
27957,0.45058754
27960,0.42492822
27966,0.42257074
27968,0.62945145
27980,0.6165312
27984,0.41679195
27994,0.42314368
27995,0.62945145
28002,0.5787462
28004,0.62728244
28006,0.4210002
28028,0.43346858
28042,0.64005184
28043,0.6397795
28055,0.40806863
28061,0.6270061
28063,0.38865504
28077,0.4120055
28090,0.6165312
28093,0.3802326
28095,0.399521
28096,0.47334048
28098,0.62945145
28099,0.44041023
28111,0.3566605
28115,0.39675355
28123,0.37919176
28125,0.40695345
28126,0.6397795
28129,0.6270061
28131,0.3376539
28139,0.35779873
28146,0.46548265
28153,0.44125065
28155,0.38817215
28160,0.43145958
28166,0.40090743
28167,0.47556376
28176,0.43368852
28185,0.42393
28187,0.6165312
28195,0.62945145
28203,0.33608767
28206,0.42378187
28209,0.4426182
28210,0.34120914
28211,0.3670039
28216,0.39725965
28234,0.40280697
28235,0.6397795
28248,0.3760076
28255,0.4432699
28266,0.3985636
28277,0.36611116
28286,0.39781836
28288,0.3661921
28289,0.3998817
28290,0.40280697
28296,0.3729863
28300,0.64392924
28306,0.42373556
28307,0.3355245
28309,0.3407875
28327,0.45544845
28336,0.40791124
28345,0.33762583
28355,0.4552634
28361,0.3030296
28362,0.38941112
28374,0.41679195
28380,0.43372604
28381,0.55457413
28393,0.42758068
28394,0.39073285
28405,0.46592718
28413,0.3589399
28426,0.62945145
28428,0.42972603
28429,0.63738054
28442,0.42337507
28445,0.41420484
28457,0.6165312
28459,0.47974303
28462,0.41997233
28478,0.40497196
28490,0.40680125
28492,0.42378187
28499,0.30704263
28500,0.65857583
28506,0.62945145
28509,0.36040983
28513,0.39316973
28516,0.39423674
28519,0.56897146
28526,0.44265097
28527,0.40146297
28528,0.401815
28533,0.40725765
28547,0.37090483
28551,0.45417133
28563,0.45549852
28566,0.45826346
28568,0.4199492
28580,0.41227823
28589,0.37066248
28590,0.6397795
28606,0.40319863
28613,0.3557133
28615,0.43264446
28619,0.64005184
28629,0.39941743
28633,0.40576443
28635,0.56757575
28646,0.4431193
28648,0.41550076
28651,0.3291516
28660,0.6165312
28681,0.62945145
28693,0.41118413
28696,0.35865465
28703,0.3809314
28709,0.40396035
28712,0.62593603
28718,0.38634032
28719,0.33025715
28727,0.4344804
28730,0.45544845
28732,0.6397795
28740,0.34963945
28747,0.62945145
28752,0.61296856
28757,0.45197114
28764,0.41161865
28765,0.31785038
28770,0.63738054
28772,0.45544845
28783,0.4298921
28786,0.48109636
28796,0.3476627
28799,0.4426182
28806,0.44306922
28807,0.38535014
28815,0.4408465
28818,0.37753293
28823,0.4247881
28824,0.38192058
28831,0.62945145
28834,0.3847117
28841,0.40690893
28848,0.62945145
28882,0.34549546
28884,0.3346601
28904,0.4997886
28907,0.46425486
28919,0.44306922
28920,0.44258383
28928,0.41730532
28935,0.12761357
28936,0.31106654
28945,0.3570613
28950,0.41875726
28957,0.62945145
28963,0.32396856
28974,0.6165312
28980,0.4255999
28988,0.41845852
28999,0.3800389
29001,0.47431892
29004,0.21737151
29006,0.38577026
29012,0.42378187
29018,0.6397795
29027,0.35283884
29030,0.30734387
29032,0.40386692
29039,0.35490766
29043,0.6397795
29056,0.43630585
29064,0.6397795
29068,0.3190154
29069,0.30073094
29074,0.40239957
29076,0.3954118
29085,0.34382787
29088,0.62702376
29091,0.33802786
29092,0.46156064
29093,0.38436797
29094,0.3907823
29108,0.56757575
29114,0.4505546
29115,0.435293
29118,0.435293
29125,0.40312555
29127,0.64005184
29150,0.35864276
29152,0.32190064
29155,0.4821765
29165,0.4426182
29167,0.6165312
29174,0.64005184
29180,0.41574943
29185,0.42837828
29190,0.41080424
29192,0.6179727
29194,0.36139455
29220,0.3962123
29231,0.4301339
29237,0.43627313
29240,0.35479793
29247,0.40449515
29256,0.3647217
29275,0.4425514
29278,0.41336024
29280,0.4051821
29286,0.4119082
29288,0.4352603
29305,0.42098844
29327,0.56757575
29329,0.3896345
29333,0.3799208
29335,0.377087
29342,0.6397795
29344,0.327908
29353,0.4050176
29358,0.38834438
29373,0.30071253
29392,0.6397795
29393,0.42677954
29395,0.6397795
29403,0.4359726
29405,0.4537507
29410,0.38233423
29423,0.389703
29427,0.6930517
29429,0.376849
29432,0.40390742
29440,0.66767126
29447,0.39670986
29448,0.33477467
29452,0.44258383
29455,0.41246274
29461,0.46121323
29466,0.34860855
29474,0.41317746
29476,0.3664374
29486,0.4101044
29494,0.40617788
29497,0.44945478
29505,0.42337507
29511,0.62945145
29516,0.6165312
29522,0.43289393
29523,0.43630585
29524,0.45410326
29529,0.44265097
29533,0.32811183
29535,0.40680125
29548,0.44315207
29551,0.37056744
29563,0.31527403
29574,0.4552281
29575,0.32300574
29592,0.35974535
29599,0.42258254
29608,0.32735455
29613,0.64910257
29620,0.42736995
29630,0.5472415
29637,0.34121454
29638,0.39343977
29643,0.41161865
29648,0.36186224
29657,0.41965356
29659,0.38568985
29662,0.40093622
29665,0.39157015
29699,0.64392924
29706,0.39955387
29715,0.44265097
29716,0.40617737
29717,0.44081983
29721,0.4796566
29731,0.45544845
29735,0.44265097
29739,0.34885767
29742,0.44253403
29747,0.64238757
29749,0.50033027
29754,0.69969064
29773,0.44303635
29777,0.3764787
29779,0.33908272
29783,0.3935783
29786,0.37631947
29805,0.55778736
29811,0.38850754
29812,0.38736153
29815,0.3825174
29819,0.43630585
29833,0.4280893
29847,0.4853123
29854,0.5427106
29856,0.34879372
29859,0.3271363
29864,0.42257074
29865,0.4247881
29867,0.44265097
29885,0.39556137
29894,0.42736995
29900,0.40675092
29910,0.45544845
29928,0.39239573
29942,0.3409228
29951,0.46738586
29953,0.51262647
29962,0.43784443
29968,0.4010358
29974,0.4363423
29980,0.5848038
29987,0.30584356
29993,0.39735976
30001,0.45417133
30005,0.40725535
30015,0.38202617
30034,0.23426427
30041,0.42080835
30044,0.43733758
30058,0.24716485
30061,0.61296856
30064,0.62945145
30065,0.39898953
30069,0.34688243
30074,0.35861808
30076,0.43946555
30080,0.56387997
30086,0.39126933
30087,0.4027175
30092,0.31662127
30093,0.6270061
30096,0.42257074
30097,0.64005184
30098,0.44315207
30102,0.62945145
30106,0.3656182
30110,0.45340142
30111,0.64005184
30122,0.3809842
30128,0.34208536
30130,0.4399575
30131,0.340037
30132,0.62593603
30135,0.4176494
30137,0.5801325
30157,0.64005184
30158,0.42101726
30162,0.4280893
30170,0.6270061
30174,0.4125942
30195,0.62945145
30196,0.40848067
30204,0.42257074
30207,0.62945145
30209,0.62945145
30212,0.4271884
30221,0.4015548
30225,0.6270061
30229,0.4218546
30231,0.40649807
30233,0.4239568
30237,0.6517463
30239,0.6281571
30242,0.64452535
30244,0.3098652
30249,0.38285616
30262,0.40072796
30286,0.38276696
30292,0.39018542
30303,0.31657362
30320,0.38870692
30322,0.4286695
30355,0.42239663
30356,0.40251634
30372,0.4274414
30375,0.39681992
30379,0.39065456
30384,0.42483127
30386,0.4505546
30394,0.43733758
30395,0.42252275
30396,0.32237732
30397,0.37003794
30402,0.45549852
30413,0.44265097
30416,0.37575236
30420,0.3903496
30422,0.43459526
30432,0.38516137
30434,0.4255999
30438,0.4255999
30444,0.33710602
30446,0.64005184
30455,0.41186276
30457,0.4255999
30459,0.41692394
30463,0.6165312
30468,0.45197114
30477,0.41186276
30478,0.3985644
30481,0.41336024
30482,0.3740905
30487,0.4255999
30491,0.46110892
30496,0.63738054
30501,0.44743773
30506,0.44052985
30511,0.32643634
30513,0.41335547
30516,0.40642366
30520,0.43412375
30531,0.39183116
30542,0.6397795
30555,0.40617737
30557,0.4259879
30568,0.45544845
30570,0.64005184
30584,0.32346693
30594,0.64005184
30614,0.41118413
30617,0.3818973
30618,0.44303635
30631,0.40405136
30632,0.4328841
30634,0.44265097
30636,0.4371137
30637,0.44309515
30639,0.40070394
30647,0.40177223
30649,0.44084868
30656,0.42028362
30660,0.3907823
30665,0.41550076
30669,0.38538572
30681,0.5787462
30683,0.435293
30687,0.44265097
30694,0.6245719
